id,name,email,age,city
9381,offspring,offspring@example.com,36,
10264,paradigm's,paradigm's@example.com,54,
1868,Colfax's,Colfax's@example.com,45,
10537,stuffier,stuffier@example.com,19,
8523,utterance,utterance@example.com,24,
8107,spiels,spiels@example.com,56,
7818,coyness,coyness@example.com,18,
9386,Jehoshaphat,Jehoshaphat@example.com,37,
9622,indication,indication@example.com,34,
3764,woodcut,woodcut@example.com,34,
5786,paunch,paunch@example.com,42,
5121,underling's,underling's@example.com,25,
8061,strawed,strawed@example.com,50,
7844,Pascagoula,Pascagoula@example.com,28,
3797,indicated,indicated@example.com,18,
2436,worshipers,worshipers@example.com,19,
3110,outrigger's,outrigger's@example.com,29,
4667,diffident,diffident@example.com,58,
9401,Englishwomen,Englishwomen@example.com,59,
3233,walked,walked@example.com,30,
9501,cargo,cargo@example.com,54,
7527,RV,RV@example.com,65,
9120,type,type@example.com,57,
2492,Qur'an,Qur'an@example.com,42,
3551,spice,spice@example.com,57,
1040,vistas,vistas@example.com,22,
1277,enslave,enslave@example.com,19,
8928,Brock's,Brock's@example.com,37,
4431,militarization,militarization@example.com,53,
6165,paisley's,paisley's@example.com,24,
8530,computationally,computationally@example.com,27,
9402,inflections,inflections@example.com,65,
7430,breach,breach@example.com,35,
2885,dipsomaniac,dipsomaniac@example.com,18,
3506,Esau's,Esau's@example.com,40,
8883,Booker's,Booker's@example.com,48,
8840,articulation,articulation@example.com,55,
10789,Dniester,Dniester@example.com,54,
3044,brandy,brandy@example.com,53,
1014,impart,impart@example.com,26,
3597,supplements,supplements@example.com,33,
2732,paltriness's,paltriness's@example.com,34,
4810,rugby's,rugby's@example.com,61,
5514,ASPCA,ASPCA@example.com,53,
7907,eagerness's,eagerness's@example.com,24,
10615,Claudia,Claudia@example.com,28,
4619,festive,festive@example.com,38,
4877,debauch,debauch@example.com,26,
5631,Sian's,Sian's@example.com,59,
2725,cavaliers,cavaliers@example.com,18,
2032,scale's,scale's@example.com,34,
7302,tranquillizer's,tranquillizer's@example.com,30,
1763,stepson's,stepson's@example.com,43,
2011,repositories,repositories@example.com,20,
5865,Seuss's,Seuss's@example.com,21,
5740,Salween,Salween@example.com,37,
5742,cherishing,cherishing@example.com,21,
10695,bunkhouse,bunkhouse@example.com,63,
7721,Scotty's,Scotty's@example.com,26,
2639,runic,runic@example.com,19,
3565,Ramayana,Ramayana@example.com,35,
5371,tempting,tempting@example.com,62,
10234,militantly,militantly@example.com,37,
9540,millennium,millennium@example.com,38,
10085,nimbus's,nimbus's@example.com,52,
10919,impossibly,impossibly@example.com,64,
3236,demoralization,demoralization@example.com,61,
5570,inquisition,inquisition@example.com,28,
2512,supervene,supervene@example.com,44,
10323,risqué,risqué@example.com,47,
9650,correlates,correlates@example.com,24,
2428,probationer's,probationer's@example.com,56,
1789,kidding,kidding@example.com,29,
6340,begrudge,begrudge@example.com,18,
6731,sloshes,sloshes@example.com,32,
7992,antagonism's,antagonism's@example.com,45,
7078,mass,mass@example.com,61,
4940,pedalled,pedalled@example.com,29,
4087,vermilion,vermilion@example.com,50,
2235,Moroccan,Moroccan@example.com,45,
6813,fade's,fade's@example.com,19,
8258,dawning,dawning@example.com,37,
8603,defogger's,defogger's@example.com,39,
2210,oval's,oval's@example.com,64,
5996,inventorying,inventorying@example.com,50,
10467,groaned,groaned@example.com,57,
5373,apses,apses@example.com,46,
8210,commandos,commandos@example.com,64,
1347,ballparks,ballparks@example.com,38,
2336,Bangladeshi,Bangladeshi@example.com,18,
2939,excretion,excretion@example.com,64,
8727,out,out@example.com,61,
4292,cheerfulness,cheerfulness@example.com,25,
8741,chambray,chambray@example.com,19,
10259,Haitians,Haitians@example.com,30,
1248,putty,putty@example.com,32,
2912,Tycho,Tycho@example.com,47,
5964,oat's,oat's@example.com,33,
6564,arrangement,arrangement@example.com,30,
4143,sultanate's,sultanate's@example.com,46,
5389,radiates,radiates@example.com,65,
2876,Luce's,Luce's@example.com,55,
2884,urinal's,urinal's@example.com,60,
2694,Doctor,Doctor@example.com,31,
10046,producers,producers@example.com,59,
1681,convalescence's,convalescence's@example.com,26,
1428,bellhops,bellhops@example.com,56,
2015,Ozymandias,Ozymandias@example.com,39,
2021,maydays,maydays@example.com,22,
7724,panorama's,panorama's@example.com,53,
