[
  {"id": 4585, "name": "ticket", "email": "ticket@example.com", "age": 47, "city": ""},
  {"id": 3541, "name": "canneries", "email": "canneries@example.com", "age": 46, "city": ""},
  {"id": 6292, "name": "polluted", "email": "polluted@example.com", "age": 33, "city": ""},
  {"id": 7481, "name": "fast", "email": "fast@example.com", "age": 61, "city": ""},
  {"id": 5315, "name": "Bart", "email": "Bart@example.com", "age": 58, "city": ""},
  {"id": 4762, "name": "dilemmas", "email": "dilemmas@example.com", "age": 64, "city": ""},
  {"id": 10402, "name": "Er's", "email": "Er's@example.com", "age": 47, "city": ""},
  {"id": 8071, "name": "walls", "email": "walls@example.com", "age": 22, "city": ""},
  {"id": 10734, "name": "delve", "email": "delve@example.com", "age": 20, "city": ""},
  {"id": 6912, "name": "envying", "email": "envying@example.com", "age": 32, "city": ""},
  {"id": 1513, "name": "business", "email": "business@example.com", "age": 22, "city": ""},
  {"id": 2368, "name": "strangler's", "email": "strangler's@example.com", "age": 43, "city": ""},
  {"id": 8863, "name": "ridicule's", "email": "ridicule's@example.com", "age": 47, "city": ""},
  {"id": 7170, "name": "rosemary", "email": "rosemary@example.com", "age": 55, "city": ""},
  {"id": 2270, "name": "keystone's", "email": "keystone's@example.com", "age": 25, "city": ""},
  {"id": 8489, "name": "defectors", "email": "defectors@example.com", "age": 43, "city": ""},
  {"id": 3377, "name": "been", "email": "been@example.com", "age": 19, "city": ""},
  {"id": 1642, "name": "backdating", "email": "backdating@example.com", "age": 26, "city": ""},
  {"id": 4410, "name": "helots", "email": "helots@example.com", "age": 36, "city": ""},
  {"id": 10029, "name": "strangler", "email": "strangler@example.com", "age": 38, "city": ""},
  {"id": 7961, "name": "inlay", "email": "inlay@example.com", "age": 45, "city": ""},
  {"id": 1020, "name": "Axum's", "email": "Axum's@example.com", "age": 42, "city": ""},
  {"id": 4074, "name": "chintz's", "email": "chintz's@example.com", "age": 35, "city": ""},
  {"id": 6117, "name": "contusions", "email": "contusions@example.com", "age": 62, "city": ""},
  {"id": 4355, "name": "target", "email": "target@example.com", "age": 43, "city": ""},
  {"id": 9940, "name": "flammability", "email": "flammability@example.com", "age": 52, "city": ""},
  {"id": 4193, "name": "imputed", "email": "imputed@example.com", "age": 64, "city": ""},
  {"id": 6673, "name": "drumstick", "email": "drumstick@example.com", "age": 54, "city": ""},
  {"id": 4801, "name": "Vonda's", "email": "Vonda's@example.com", "age": 43, "city": ""},
  {"id": 1357, "name": "Basque", "email": "Basque@example.com", "age": 60, "city": ""},
  {"id": 1826, "name": "hostiles", "email": "hostiles@example.com", "age": 58, "city": ""},
  {"id": 7879, "name": "poultry's", "email": "poultry's@example.com", "age": 21, "city": ""},
  {"id": 3547, "name": "surplices", "email": "surplices@example.com", "age": 35, "city": ""},
  {"id": 6297, "name": "nastiness's", "email": "nastiness's@example.com", "age": 55, "city": ""},
  {"id": 10112, "name": "Hegel's", "email": "Hegel's@example.com", "age": 44, "city": ""},
  {"id": 6219, "name": "rubric", "email": "rubric@example.com", "age": 37, "city": ""},
  {"id": 3027, "name": "cogwheel", "email": "cogwheel@example.com", "age": 23, "city": ""},
  {"id": 8567, "name": "gambolling", "email": "gambolling@example.com", "age": 50, "city": ""},
  {"id": 2614, "name": "gospel", "email": "gospel@example.com", "age": 25, "city": ""},
  {"id": 10955, "name": "ethnological", "email": "ethnological@example.com", "age": 32, "city": ""},
  {"id": 2659, "name": "geometrically", "email": "geometrically@example.com", "age": 42, "city": ""},
  {"id": 7488, "name": "vowels", "email": "vowels@example.com", "age": 40, "city": ""},
  {"id": 6643, "name": "kiddos", "email": "kiddos@example.com", "age": 18, "city": ""},
  {"id": 9639, "name": "progesterone's", "email": "progesterone's@example.com", "age": 30, "city": ""},
  {"id": 8671, "name": "breakwater", "email": "breakwater@example.com", "age": 18, "city": ""},
  {"id": 10476, "name": "Dickinson's", "email": "Dickinson's@example.com", "age": 48, "city": ""},
  {"id": 2573, "name": "orthodontia's", "email": "orthodontia's@example.com", "age": 51, "city": ""},
  {"id": 1955, "name": "judgment's", "email": "judgment's@example.com", "age": 62, "city": ""},
  {"id": 9835, "name": "overstayed", "email": "overstayed@example.com", "age": 41, "city": ""},
  {"id": 3999, "name": "keeper's", "email": "keeper's@example.com", "age": 46, "city": ""},
  {"id": 6315, "name": "Analects's", "email": "Analects's@example.com", "age": 62, "city": ""},
  {"id": 2432, "name": "gangplank's", "email": "gangplank's@example.com", "age": 57, "city": ""},
  {"id": 8092, "name": "Kalevala", "email": "Kalevala@example.com", "age": 34, "city": ""},
  {"id": 5176, "name": "ascertain", "email": "ascertain@example.com", "age": 29, "city": ""},
  {"id": 4369, "name": "cousin", "email": "cousin@example.com", "age": 53, "city": ""},
  {"id": 1047, "name": "nitrogen", "email": "nitrogen@example.com", "age": 33, "city": ""},
  {"id": 5528, "name": "corruptness", "email": "corruptness@example.com", "age": 36, "city": ""},
  {"id": 10547, "name": "Olga's", "email": "Olga's@example.com", "age": 58, "city": ""},
  {"id": 9853, "name": "originates", "email": "originates@example.com", "age": 61, "city": ""},
  {"id": 8591, "name": "youthfully", "email": "youthfully@example.com", "age": 40, "city": ""},
  {"id": 6325, "name": "picks", "email": "picks@example.com", "age": 33, "city": ""},
  {"id": 10266, "name": "Bobbitt's", "email": "Bobbitt's@example.com", "age": 37, "city": ""}
]
