<data>
  <entry>
    <id>5723</id>
    <name>plowed</name>
    <email>plowed@example.com</email>
    <age>57</age>
    <city></city>
  </entry>
  <entry>
    <id>2993</id>
    <name>Mozambique</name>
    <email>Mozambique@example.com</email>
    <age>52</age>
    <city></city>
  </entry>
  <entry>
    <id>2617</id>
    <name>bloodbaths</name>
    <email>bloodbaths@example.com</email>
    <age>23</age>
    <city></city>
  </entry>
  <entry>
    <id>3536</id>
    <name>Cedric</name>
    <email>Cedric@example.com</email>
    <age>40</age>
    <city></city>
  </entry>
  <entry>
    <id>2392</id>
    <name>eternity's</name>
    <email>eternity's@example.com</email>
    <age>50</age>
    <city></city>
  </entry>
  <entry>
    <id>2522</id>
    <name>jovially</name>
    <email>jovially@example.com</email>
    <age>48</age>
    <city></city>
  </entry>
  <entry>
    <id>7330</id>
    <name>tramples</name>
    <email>tramples@example.com</email>
    <age>47</age>
    <city></city>
  </entry>
  <entry>
    <id>10866</id>
    <name>passenger</name>
    <email>passenger@example.com</email>
    <age>50</age>
    <city></city>
  </entry>
  <entry>
    <id>3226</id>
    <name>outwit</name>
    <email>outwit@example.com</email>
    <age>18</age>
    <city></city>
  </entry>
  <entry>
    <id>2052</id>
    <name>semantic</name>
    <email>semantic@example.com</email>
    <age>25</age>
    <city></city>
  </entry>
  <entry>
    <id>1054</id>
    <name>peccadillo</name>
    <email>peccadillo@example.com</email>
    <age>43</age>
    <city></city>
  </entry>
  <entry>
    <id>8862</id>
    <name>allegro</name>
    <email>allegro@example.com</email>
    <age>46</age>
    <city></city>
  </entry>
  <entry>
    <id>5301</id>
    <name>dramatizing</name>
    <email>dramatizing@example.com</email>
    <age>27</age>
    <city></city>
  </entry>
  <entry>
    <id>3286</id>
    <name>Cabrera's</name>
    <email>Cabrera's@example.com</email>
    <age>44</age>
    <city></city>
  </entry>
  <entry>
    <id>4624</id>
    <name>Joyce</name>
    <email>Joyce@example.com</email>
    <age>56</age>
    <city></city>
  </entry>
  <entry>
    <id>1921</id>
    <name>relaxations</name>
    <email>relaxations@example.com</email>
    <age>32</age>
    <city></city>
  </entry>
  <entry>
    <id>5469</id>
    <name>RBI</name>
    <email>RBI@example.com</email>
    <age>27</age>
    <city></city>
  </entry>
  <entry>
    <id>2378</id>
    <name>hallucinated</name>
    <email>hallucinated@example.com</email>
    <age>19</age>
    <city></city>
  </entry>
  <entry>
    <id>1539</id>
    <name>denatured</name>
    <email>denatured@example.com</email>
    <age>22</age>
    <city></city>
  </entry>
  <entry>
    <id>4135</id>
    <name>smug</name>
    <email>smug@example.com</email>
    <age>54</age>
    <city></city>
  </entry>
  <entry>
    <id>9381</id>
    <name>monolingual's</name>
    <email>monolingual's@example.com</email>
    <age>44</age>
    <city></city>
  </entry>
  <entry>
    <id>8485</id>
    <name>Bacchanalia</name>
    <email>Bacchanalia@example.com</email>
    <age>22</age>
    <city></city>
  </entry>
  <entry>
    <id>7832</id>
    <name>somebody</name>
    <email>somebody@example.com</email>
    <age>42</age>
    <city></city>
  </entry>
  <entry>
    <id>4121</id>
    <name>daybed</name>
    <email>daybed@example.com</email>
    <age>37</age>
    <city></city>
  </entry>
  <entry>
    <id>9467</id>
    <name>sunnier</name>
    <email>sunnier@example.com</email>
    <age>29</age>
    <city></city>
  </entry>
  <entry>
    <id>4601</id>
    <name>bays</name>
    <email>bays@example.com</email>
    <age>63</age>
    <city></city>
  </entry>
  <entry>
    <id>8884</id>
    <name>alt</name>
    <email>alt@example.com</email>
    <age>33</age>
    <city></city>
  </entry>
  <entry>
    <id>4890</id>
    <name>intoning</name>
    <email>intoning@example.com</email>
    <age>62</age>
    <city></city>
  </entry>
  <entry>
    <id>1161</id>
    <name>exhumation's</name>
    <email>exhumation's@example.com</email>
    <age>59</age>
    <city></city>
  </entry>
  <entry>
    <id>8115</id>
    <name>lankiness's</name>
    <email>lankiness's@example.com</email>
    <age>40</age>
    <city></city>
  </entry>
  <entry>
    <id>2806</id>
    <name>dis</name>
    <email>dis@example.com</email>
    <age>56</age>
    <city></city>
  </entry>
  <entry>
    <id>3681</id>
    <name>eludes</name>
    <email>eludes@example.com</email>
    <age>25</age>
    <city></city>
  </entry>
  <entry>
    <id>1700</id>
    <name>pinions</name>
    <email>pinions@example.com</email>
    <age>35</age>
    <city></city>
  </entry>
  <entry>
    <id>10265</id>
    <name>cleanness</name>
    <email>cleanness@example.com</email>
    <age>19</age>
    <city></city>
  </entry>
  <entry>
    <id>8902</id>
    <name>deranges</name>
    <email>deranges@example.com</email>
    <age>24</age>
    <city></city>
  </entry>
  <entry>
    <id>10676</id>
    <name>chain</name>
    <email>chain@example.com</email>
    <age>42</age>
    <city></city>
  </entry>
  <entry>
    <id>3493</id>
    <name>twelfth</name>
    <email>twelfth@example.com</email>
    <age>49</age>
    <city></city>
  </entry>
  <entry>
    <id>1909</id>
    <name>Boulder</name>
    <email>Boulder@example.com</email>
    <age>59</age>
    <city></city>
  </entry>
  <entry>
    <id>10384</id>
    <name>ragtime's</name>
    <email>ragtime's@example.com</email>
    <age>54</age>
    <city></city>
  </entry>
  <entry>
    <id>6614</id>
    <name>depraves</name>
    <email>depraves@example.com</email>
    <age>30</age>
    <city></city>
  </entry>
  <entry>
    <id>6475</id>
    <name>devotee</name>
    <email>devotee@example.com</email>
    <age>34</age>
    <city></city>
  </entry>
  <entry>
    <id>1311</id>
    <name>schisms</name>
    <email>schisms@example.com</email>
    <age>18</age>
    <city></city>
  </entry>
  <entry>
    <id>2817</id>
    <name>Schwinger's</name>
    <email>Schwinger's@example.com</email>
    <age>34</age>
    <city></city>
  </entry>
  <entry>
    <id>5150</id>
    <name>gargoyle</name>
    <email>gargoyle@example.com</email>
    <age>51</age>
    <city></city>
  </entry>
  <entry>
    <id>9081</id>
    <name>turquoise's</name>
    <email>turquoise's@example.com</email>
    <age>27</age>
    <city></city>
  </entry>
  <entry>
    <id>7649</id>
    <name>minivans</name>
    <email>minivans@example.com</email>
    <age>30</age>
    <city></city>
  </entry>
  <entry>
    <id>8985</id>
    <name>Ottoman</name>
    <email>Ottoman@example.com</email>
    <age>44</age>
    <city></city>
  </entry>
  <entry>
    <id>1774</id>
    <name>Cuba</name>
    <email>Cuba@example.com</email>
    <age>58</age>
    <city></city>
  </entry>
  <entry>
    <id>3344</id>
    <name>arraignment</name>
    <email>arraignment@example.com</email>
    <age>44</age>
    <city></city>
  </entry>
  <entry>
    <id>2012</id>
    <name>pirated</name>
    <email>pirated@example.com</email>
    <age>65</age>
    <city></city>
  </entry>
  <entry>
    <id>3666</id>
    <name>unlearned</name>
    <email>unlearned@example.com</email>
    <age>52</age>
    <city></city>
  </entry>
  <entry>
    <id>4848</id>
    <name>lionizes</name>
    <email>lionizes@example.com</email>
    <age>24</age>
    <city></city>
  </entry>
  <entry>
    <id>10102</id>
    <name>gaskets</name>
    <email>gaskets@example.com</email>
    <age>62</age>
    <city></city>
  </entry>
  <entry>
    <id>7779</id>
    <name>Frenchwoman's</name>
    <email>Frenchwoman's@example.com</email>
    <age>62</age>
    <city></city>
  </entry>
  <entry>
    <id>1736</id>
    <name>Kaposi</name>
    <email>Kaposi@example.com</email>
    <age>54</age>
    <city></city>
  </entry>
  <entry>
    <id>10571</id>
    <name>quadrant's</name>
    <email>quadrant's@example.com</email>
    <age>63</age>
    <city></city>
  </entry>
  <entry>
    <id>9600</id>
    <name>bassinet</name>
    <email>bassinet@example.com</email>
    <age>62</age>
    <city></city>
  </entry>
  <entry>
    <id>7704</id>
    <name>forceful</name>
    <email>forceful@example.com</email>
    <age>39</age>
    <city></city>
  </entry>
  <entry>
    <id>3099</id>
    <name>gassing</name>
    <email>gassing@example.com</email>
    <age>24</age>
    <city></city>
  </entry>
  <entry>
    <id>6934</id>
    <name>difference</name>
    <email>difference@example.com</email>
    <age>61</age>
    <city></city>
  </entry>
  <entry>
    <id>1643</id>
    <name>matchmaking's</name>
    <email>matchmaking's@example.com</email>
    <age>22</age>
    <city></city>
  </entry>
  <entry>
    <id>1962</id>
    <name>tout's</name>
    <email>tout's@example.com</email>
    <age>44</age>
    <city></city>
  </entry>
  <entry>
    <id>10215</id>
    <name>unworthiness's</name>
    <email>unworthiness's@example.com</email>
    <age>28</age>
    <city></city>
  </entry>
  <entry>
    <id>6542</id>
    <name>mower</name>
    <email>mower@example.com</email>
    <age>61</age>
    <city></city>
  </entry>
  <entry>
    <id>3340</id>
    <name>gentrification</name>
    <email>gentrification@example.com</email>
    <age>34</age>
    <city></city>
  </entry>
  <entry>
    <id>2455</id>
    <name>maintainable</name>
    <email>maintainable@example.com</email>
    <age>45</age>
    <city></city>
  </entry>
  <entry>
    <id>4357</id>
    <name>Rodin's</name>
    <email>Rodin's@example.com</email>
    <age>49</age>
    <city></city>
  </entry>
  <entry>
    <id>8437</id>
    <name>auditing</name>
    <email>auditing@example.com</email>
    <age>21</age>
    <city></city>
  </entry>
</data>
