<data>
  <entry>
    <id>8696</id>
    <name>icier</name>
    <email>icier@example.com</email>
    <age>20</age>
    <city></city>
  </entry>
  <entry>
    <id>7025</id>
    <name>Rainier</name>
    <email>Rainier@example.com</email>
    <age>36</age>
    <city></city>
  </entry>
  <entry>
    <id>9649</id>
    <name>Apalachicola</name>
    <email>Apalachicola@example.com</email>
    <age>52</age>
    <city></city>
  </entry>
  <entry>
    <id>1124</id>
    <name>mixture's</name>
    <email>mixture's@example.com</email>
    <age>54</age>
    <city></city>
  </entry>
  <entry>
    <id>6075</id>
    <name>canine</name>
    <email>canine@example.com</email>
    <age>20</age>
    <city></city>
  </entry>
  <entry>
    <id>5298</id>
    <name>hangman's</name>
    <email>hangman's@example.com</email>
    <age>50</age>
    <city></city>
  </entry>
  <entry>
    <id>1079</id>
    <name>yeas</name>
    <email>yeas@example.com</email>
    <age>20</age>
    <city></city>
  </entry>
  <entry>
    <id>7921</id>
    <name>affected</name>
    <email>affected@example.com</email>
    <age>46</age>
    <city></city>
  </entry>
  <entry>
    <id>4259</id>
    <name>Pygmalion's</name>
    <email>Pygmalion's@example.com</email>
    <age>37</age>
    <city></city>
  </entry>
  <entry>
    <id>3722</id>
    <name>wantons</name>
    <email>wantons@example.com</email>
    <age>20</age>
    <city></city>
  </entry>
  <entry>
    <id>5770</id>
    <name>regarding</name>
    <email>regarding@example.com</email>
    <age>18</age>
    <city></city>
  </entry>
  <entry>
    <id>4691</id>
    <name>calypso</name>
    <email>calypso@example.com</email>
    <age>51</age>
    <city></city>
  </entry>
  <entry>
    <id>2996</id>
    <name>Johnathon</name>
    <email>Johnathon@example.com</email>
    <age>23</age>
    <city></city>
  </entry>
  <entry>
    <id>7506</id>
    <name>dollhouses</name>
    <email>dollhouses@example.com</email>
    <age>59</age>
    <city></city>
  </entry>
  <entry>
    <id>6060</id>
    <name>bleak</name>
    <email>bleak@example.com</email>
    <age>31</age>
    <city></city>
  </entry>
  <entry>
    <id>2699</id>
    <name>microfloppies</name>
    <email>microfloppies@example.com</email>
    <age>19</age>
    <city></city>
  </entry>
  <entry>
    <id>5922</id>
    <name>Spock</name>
    <email>Spock@example.com</email>
    <age>36</age>
    <city></city>
  </entry>
  <entry>
    <id>1619</id>
    <name>schoolmistress</name>
    <email>schoolmistress@example.com</email>
    <age>49</age>
    <city></city>
  </entry>
  <entry>
    <id>2107</id>
    <name>vesicles</name>
    <email>vesicles@example.com</email>
    <age>21</age>
    <city></city>
  </entry>
  <entry>
    <id>8738</id>
    <name>ventilator</name>
    <email>ventilator@example.com</email>
    <age>50</age>
    <city></city>
  </entry>
  <entry>
    <id>6608</id>
    <name>coaxes</name>
    <email>coaxes@example.com</email>
    <age>25</age>
    <city></city>
  </entry>
  <entry>
    <id>2070</id>
    <name>Australoid</name>
    <email>Australoid@example.com</email>
    <age>38</age>
    <city></city>
  </entry>
  <entry>
    <id>4159</id>
    <name>pathogens</name>
    <email>pathogens@example.com</email>
    <age>29</age>
    <city></city>
  </entry>
  <entry>
    <id>6862</id>
    <name>Joycean</name>
    <email>Joycean@example.com</email>
    <age>45</age>
    <city></city>
  </entry>
  <entry>
    <id>1104</id>
    <name>undercover</name>
    <email>undercover@example.com</email>
    <age>61</age>
    <city></city>
  </entry>
  <entry>
    <id>4806</id>
    <name>cryptographer</name>
    <email>cryptographer@example.com</email>
    <age>62</age>
    <city></city>
  </entry>
  <entry>
    <id>1251</id>
    <name>romanticism's</name>
    <email>romanticism's@example.com</email>
    <age>21</age>
    <city></city>
  </entry>
  <entry>
    <id>8618</id>
    <name>hydrometers</name>
    <email>hydrometers@example.com</email>
    <age>51</age>
    <city></city>
  </entry>
  <entry>
    <id>10786</id>
    <name>unsociable</name>
    <email>unsociable@example.com</email>
    <age>30</age>
    <city></city>
  </entry>
  <entry>
    <id>9741</id>
    <name>jasmines</name>
    <email>jasmines@example.com</email>
    <age>50</age>
    <city></city>
  </entry>
  <entry>
    <id>5741</id>
    <name>emission</name>
    <email>emission@example.com</email>
    <age>56</age>
    <city></city>
  </entry>
  <entry>
    <id>8960</id>
    <name>slopes</name>
    <email>slopes@example.com</email>
    <age>37</age>
    <city></city>
  </entry>
  <entry>
    <id>6584</id>
    <name>blithest</name>
    <email>blithest@example.com</email>
    <age>54</age>
    <city></city>
  </entry>
  <entry>
    <id>1142</id>
    <name>Tarkenton's</name>
    <email>Tarkenton's@example.com</email>
    <age>30</age>
    <city></city>
  </entry>
  <entry>
    <id>3606</id>
    <name>glades</name>
    <email>glades@example.com</email>
    <age>39</age>
    <city></city>
  </entry>
  <entry>
    <id>8590</id>
    <name>aspiring</name>
    <email>aspiring@example.com</email>
    <age>57</age>
    <city></city>
  </entry>
  <entry>
    <id>2693</id>
    <name>halving</name>
    <email>halving@example.com</email>
    <age>33</age>
    <city></city>
  </entry>
  <entry>
    <id>7008</id>
    <name>pints</name>
    <email>pints@example.com</email>
    <age>29</age>
    <city></city>
  </entry>
  <entry>
    <id>3858</id>
    <name>blurt</name>
    <email>blurt@example.com</email>
    <age>49</age>
    <city></city>
  </entry>
  <entry>
    <id>5144</id>
    <name>gimlet</name>
    <email>gimlet@example.com</email>
    <age>65</age>
    <city></city>
  </entry>
  <entry>
    <id>7122</id>
    <name>synagogs</name>
    <email>synagogs@example.com</email>
    <age>46</age>
    <city></city>
  </entry>
  <entry>
    <id>3761</id>
    <name>steeping</name>
    <email>steeping@example.com</email>
    <age>25</age>
    <city></city>
  </entry>
  <entry>
    <id>10798</id>
    <name>ticketing</name>
    <email>ticketing@example.com</email>
    <age>35</age>
    <city></city>
  </entry>
  <entry>
    <id>6265</id>
    <name>have</name>
    <email>have@example.com</email>
    <age>53</age>
    <city></city>
  </entry>
  <entry>
    <id>3363</id>
    <name>illusive</name>
    <email>illusive@example.com</email>
    <age>33</age>
    <city></city>
  </entry>
  <entry>
    <id>7453</id>
    <name>drenches</name>
    <email>drenches@example.com</email>
    <age>47</age>
    <city></city>
  </entry>
  <entry>
    <id>2170</id>
    <name>Isabelle's</name>
    <email>Isabelle's@example.com</email>
    <age>65</age>
    <city></city>
  </entry>
  <entry>
    <id>1026</id>
    <name>sings</name>
    <email>sings@example.com</email>
    <age>38</age>
    <city></city>
  </entry>
  <entry>
    <id>5931</id>
    <name>caliphate's</name>
    <email>caliphate's@example.com</email>
    <age>24</age>
    <city></city>
  </entry>
  <entry>
    <id>5524</id>
    <name>locks</name>
    <email>locks@example.com</email>
    <age>65</age>
    <city></city>
  </entry>
  <entry>
    <id>6466</id>
    <name>transducers</name>
    <email>transducers@example.com</email>
    <age>32</age>
    <city></city>
  </entry>
  <entry>
    <id>1488</id>
    <name>Normandy</name>
    <email>Normandy@example.com</email>
    <age>19</age>
    <city></city>
  </entry>
  <entry>
    <id>10636</id>
    <name>permissibly</name>
    <email>permissibly@example.com</email>
    <age>21</age>
    <city></city>
  </entry>
  <entry>
    <id>4130</id>
    <name>Bonaventure</name>
    <email>Bonaventure@example.com</email>
    <age>26</age>
    <city></city>
  </entry>
  <entry>
    <id>3611</id>
    <name>abstractions</name>
    <email>abstractions@example.com</email>
    <age>43</age>
    <city></city>
  </entry>
  <entry>
    <id>2549</id>
    <name>Guy's</name>
    <email>Guy's@example.com</email>
    <age>29</age>
    <city></city>
  </entry>
  <entry>
    <id>5955</id>
    <name>sniff</name>
    <email>sniff@example.com</email>
    <age>53</age>
    <city></city>
  </entry>
  <entry>
    <id>9335</id>
    <name>callousness</name>
    <email>callousness@example.com</email>
    <age>37</age>
    <city></city>
  </entry>
  <entry>
    <id>3271</id>
    <name>twelves</name>
    <email>twelves@example.com</email>
    <age>43</age>
    <city></city>
  </entry>
  <entry>
    <id>9033</id>
    <name>fad's</name>
    <email>fad's@example.com</email>
    <age>45</age>
    <city></city>
  </entry>
  <entry>
    <id>4771</id>
    <name>domination</name>
    <email>domination@example.com</email>
    <age>57</age>
    <city></city>
  </entry>
  <entry>
    <id>6029</id>
    <name>Saar's</name>
    <email>Saar's@example.com</email>
    <age>59</age>
    <city></city>
  </entry>
  <entry>
    <id>5079</id>
    <name>brawn's</name>
    <email>brawn's@example.com</email>
    <age>51</age>
    <city></city>
  </entry>
  <entry>
    <id>2379</id>
    <name>holster's</name>
    <email>holster's@example.com</email>
    <age>26</age>
    <city></city>
  </entry>
  <entry>
    <id>6136</id>
    <name>Kremlin's</name>
    <email>Kremlin's@example.com</email>
    <age>24</age>
    <city></city>
  </entry>
  <entry>
    <id>6419</id>
    <name>magnate's</name>
    <email>magnate's@example.com</email>
    <age>44</age>
    <city></city>
  </entry>
  <entry>
    <id>7603</id>
    <name>miaows</name>
    <email>miaows@example.com</email>
    <age>38</age>
    <city></city>
  </entry>
  <entry>
    <id>1014</id>
    <name>outsourcing's</name>
    <email>outsourcing's@example.com</email>
    <age>27</age>
    <city></city>
  </entry>
  <entry>
    <id>7874</id>
    <name>Galibi's</name>
    <email>Galibi's@example.com</email>
    <age>20</age>
    <city></city>
  </entry>
  <entry>
    <id>2054</id>
    <name>Brattain's</name>
    <email>Brattain's@example.com</email>
    <age>27</age>
    <city></city>
  </entry>
  <entry>
    <id>1666</id>
    <name>Valdez</name>
    <email>Valdez@example.com</email>
    <age>63</age>
    <city></city>
  </entry>
  <entry>
    <id>8031</id>
    <name>embargoing</name>
    <email>embargoing@example.com</email>
    <age>23</age>
    <city></city>
  </entry>
  <entry>
    <id>1310</id>
    <name>Taney's</name>
    <email>Taney's@example.com</email>
    <age>20</age>
    <city></city>
  </entry>
  <entry>
    <id>2692</id>
    <name>G's</name>
    <email>G's@example.com</email>
    <age>22</age>
    <city></city>
  </entry>
  <entry>
    <id>10810</id>
    <name>amiably</name>
    <email>amiably@example.com</email>
    <age>61</age>
    <city></city>
  </entry>
  <entry>
    <id>8988</id>
    <name>devise</name>
    <email>devise@example.com</email>
    <age>36</age>
    <city></city>
  </entry>
  <entry>
    <id>5047</id>
    <name>Hatsheput's</name>
    <email>Hatsheput's@example.com</email>
    <age>45</age>
    <city></city>
  </entry>
  <entry>
    <id>6051</id>
    <name>specie's</name>
    <email>specie's@example.com</email>
    <age>31</age>
    <city></city>
  </entry>
  <entry>
    <id>1298</id>
    <name>favoritism's</name>
    <email>favoritism's@example.com</email>
    <age>64</age>
    <city></city>
  </entry>
  <entry>
    <id>8164</id>
    <name>disseminated</name>
    <email>disseminated@example.com</email>
    <age>28</age>
    <city></city>
  </entry>
  <entry>
    <id>5237</id>
    <name>Sennett</name>
    <email>Sennett@example.com</email>
    <age>63</age>
    <city></city>
  </entry>
  <entry>
    <id>1083</id>
    <name>saluted</name>
    <email>saluted@example.com</email>
    <age>45</age>
    <city></city>
  </entry>
  <entry>
    <id>9759</id>
    <name>avenger</name>
    <email>avenger@example.com</email>
    <age>56</age>
    <city></city>
  </entry>
  <entry>
    <id>3456</id>
    <name>Dionysian's</name>
    <email>Dionysian's@example.com</email>
    <age>20</age>
    <city></city>
  </entry>
  <entry>
    <id>10450</id>
    <name>pituitary's</name>
    <email>pituitary's@example.com</email>
    <age>42</age>
    <city></city>
  </entry>
  <entry>
    <id>3451</id>
    <name>lefter</name>
    <email>lefter@example.com</email>
    <age>49</age>
    <city></city>
  </entry>
  <entry>
    <id>10932</id>
    <name>Pyrex's</name>
    <email>Pyrex's@example.com</email>
    <age>54</age>
    <city></city>
  </entry>
  <entry>
    <id>5071</id>
    <name>llanos</name>
    <email>llanos@example.com</email>
    <age>34</age>
    <city></city>
  </entry>
  <entry>
    <id>6887</id>
    <name>profess</name>
    <email>profess@example.com</email>
    <age>43</age>
    <city></city>
  </entry>
  <entry>
    <id>3464</id>
    <name>clashes</name>
    <email>clashes@example.com</email>
    <age>23</age>
    <city></city>
  </entry>
  <entry>
    <id>8215</id>
    <name>doodles</name>
    <email>doodles@example.com</email>
    <age>44</age>
    <city></city>
  </entry>
  <entry>
    <id>1839</id>
    <name>kindergärtners</name>
    <email>kindergärtners@example.com</email>
    <age>64</age>
    <city></city>
  </entry>
  <entry>
    <id>3797</id>
    <name>flatters</name>
    <email>flatters@example.com</email>
    <age>37</age>
    <city></city>
  </entry>
  <entry>
    <id>2402</id>
    <name>husbanding</name>
    <email>husbanding@example.com</email>
    <age>26</age>
    <city></city>
  </entry>
  <entry>
    <id>7165</id>
    <name>amp</name>
    <email>amp@example.com</email>
    <age>48</age>
    <city></city>
  </entry>
  <entry>
    <id>9688</id>
    <name>insatiable</name>
    <email>insatiable@example.com</email>
    <age>62</age>
    <city></city>
  </entry>
  <entry>
    <id>7155</id>
    <name>plywood's</name>
    <email>plywood's@example.com</email>
    <age>64</age>
    <city></city>
  </entry>
  <entry>
    <id>3560</id>
    <name>sideshow</name>
    <email>sideshow@example.com</email>
    <age>64</age>
    <city></city>
  </entry>
  <entry>
    <id>7930</id>
    <name>diagnose</name>
    <email>diagnose@example.com</email>
    <age>38</age>
    <city></city>
  </entry>
  <entry>
    <id>9354</id>
    <name>backyard</name>
    <email>backyard@example.com</email>
    <age>58</age>
    <city></city>
  </entry>
  <entry>
    <id>7356</id>
    <name>foreclosure</name>
    <email>foreclosure@example.com</email>
    <age>36</age>
    <city></city>
  </entry>
  <entry>
    <id>6131</id>
    <name>Ampere</name>
    <email>Ampere@example.com</email>
    <age>33</age>
    <city></city>
  </entry>
  <entry>
    <id>2760</id>
    <name>anesthesiologists</name>
    <email>anesthesiologists@example.com</email>
    <age>35</age>
    <city></city>
  </entry>
  <entry>
    <id>3441</id>
    <name>vols</name>
    <email>vols@example.com</email>
    <age>59</age>
    <city></city>
  </entry>
  <entry>
    <id>4358</id>
    <name>gaudier</name>
    <email>gaudier@example.com</email>
    <age>36</age>
    <city></city>
  </entry>
  <entry>
    <id>8612</id>
    <name>underachieved</name>
    <email>underachieved@example.com</email>
    <age>18</age>
    <city></city>
  </entry>
  <entry>
    <id>1331</id>
    <name>raindrop</name>
    <email>raindrop@example.com</email>
    <age>30</age>
    <city></city>
  </entry>
  <entry>
    <id>6702</id>
    <name>poisonous</name>
    <email>poisonous@example.com</email>
    <age>50</age>
    <city></city>
  </entry>
  <entry>
    <id>3231</id>
    <name>mimeograph</name>
    <email>mimeograph@example.com</email>
    <age>47</age>
    <city></city>
  </entry>
  <entry>
    <id>8965</id>
    <name>elitism's</name>
    <email>elitism's@example.com</email>
    <age>56</age>
    <city></city>
  </entry>
  <entry>
    <id>5620</id>
    <name>slaphappy</name>
    <email>slaphappy@example.com</email>
    <age>64</age>
    <city></city>
  </entry>
  <entry>
    <id>4048</id>
    <name>thinness</name>
    <email>thinness@example.com</email>
    <age>46</age>
    <city></city>
  </entry>
  <entry>
    <id>4436</id>
    <name>Simone</name>
    <email>Simone@example.com</email>
    <age>33</age>
    <city></city>
  </entry>
  <entry>
    <id>4954</id>
    <name>copeck's</name>
    <email>copeck's@example.com</email>
    <age>51</age>
    <city></city>
  </entry>
  <entry>
    <id>7158</id>
    <name>appellant's</name>
    <email>appellant's@example.com</email>
    <age>32</age>
    <city></city>
  </entry>
  <entry>
    <id>9352</id>
    <name>aimlessness's</name>
    <email>aimlessness's@example.com</email>
    <age>60</age>
    <city></city>
  </entry>
  <entry>
    <id>6080</id>
    <name>halters</name>
    <email>halters@example.com</email>
    <age>23</age>
    <city></city>
  </entry>
  <entry>
    <id>7609</id>
    <name>Brinkley's</name>
    <email>Brinkley's@example.com</email>
    <age>55</age>
    <city></city>
  </entry>
  <entry>
    <id>7729</id>
    <name>Copenhagen's</name>
    <email>Copenhagen's@example.com</email>
    <age>59</age>
    <city></city>
  </entry>
  <entry>
    <id>1202</id>
    <name>codfish's</name>
    <email>codfish's@example.com</email>
    <age>51</age>
    <city></city>
  </entry>
  <entry>
    <id>10188</id>
    <name>sullies</name>
    <email>sullies@example.com</email>
    <age>42</age>
    <city></city>
  </entry>
  <entry>
    <id>9104</id>
    <name>excoriations</name>
    <email>excoriations@example.com</email>
    <age>52</age>
    <city></city>
  </entry>
  <entry>
    <id>3486</id>
    <name>forearm</name>
    <email>forearm@example.com</email>
    <age>53</age>
    <city></city>
  </entry>
  <entry>
    <id>1957</id>
    <name>copying</name>
    <email>copying@example.com</email>
    <age>56</age>
    <city></city>
  </entry>
  <entry>
    <id>9152</id>
    <name>Bangladesh</name>
    <email>Bangladesh@example.com</email>
    <age>48</age>
    <city></city>
  </entry>
  <entry>
    <id>5742</id>
    <name>bo'suns</name>
    <email>bo'suns@example.com</email>
    <age>43</age>
    <city></city>
  </entry>
  <entry>
    <id>5741</id>
    <name>filthiness's</name>
    <email>filthiness's@example.com</email>
    <age>30</age>
    <city></city>
  </entry>
  <entry>
    <id>1249</id>
    <name>Sabrina's</name>
    <email>Sabrina's@example.com</email>
    <age>57</age>
    <city></city>
  </entry>
  <entry>
    <id>3644</id>
    <name>Reinhold</name>
    <email>Reinhold@example.com</email>
    <age>30</age>
    <city></city>
  </entry>
  <entry>
    <id>4066</id>
    <name>refuse</name>
    <email>refuse@example.com</email>
    <age>54</age>
    <city></city>
  </entry>
  <entry>
    <id>7989</id>
    <name>trailblazer</name>
    <email>trailblazer@example.com</email>
    <age>40</age>
    <city></city>
  </entry>
  <entry>
    <id>4516</id>
    <name>swopped</name>
    <email>swopped@example.com</email>
    <age>54</age>
    <city></city>
  </entry>
  <entry>
    <id>2849</id>
    <name>Bendix</name>
    <email>Bendix@example.com</email>
    <age>49</age>
    <city></city>
  </entry>
  <entry>
    <id>6587</id>
    <name>yell</name>
    <email>yell@example.com</email>
    <age>33</age>
    <city></city>
  </entry>
  <entry>
    <id>7491</id>
    <name>lonelier</name>
    <email>lonelier@example.com</email>
    <age>32</age>
    <city></city>
  </entry>
  <entry>
    <id>1003</id>
    <name>odyssey's</name>
    <email>odyssey's@example.com</email>
    <age>37</age>
    <city></city>
  </entry>
  <entry>
    <id>8420</id>
    <name>sorbets</name>
    <email>sorbets@example.com</email>
    <age>64</age>
    <city></city>
  </entry>
  <entry>
    <id>8411</id>
    <name>knitter</name>
    <email>knitter@example.com</email>
    <age>50</age>
    <city></city>
  </entry>
  <entry>
    <id>1956</id>
    <name>convicted</name>
    <email>convicted@example.com</email>
    <age>30</age>
    <city></city>
  </entry>
  <entry>
    <id>8564</id>
    <name>careens</name>
    <email>careens@example.com</email>
    <age>39</age>
    <city></city>
  </entry>
  <entry>
    <id>1463</id>
    <name>Thornton's</name>
    <email>Thornton's@example.com</email>
    <age>28</age>
    <city></city>
  </entry>
  <entry>
    <id>5881</id>
    <name>Waco's</name>
    <email>Waco's@example.com</email>
    <age>50</age>
    <city></city>
  </entry>
  <entry>
    <id>8618</id>
    <name>violin's</name>
    <email>violin's@example.com</email>
    <age>42</age>
    <city></city>
  </entry>
  <entry>
    <id>10604</id>
    <name>DECs</name>
    <email>DECs@example.com</email>
    <age>37</age>
    <city></city>
  </entry>
  <entry>
    <id>8035</id>
    <name>Dionysus's</name>
    <email>Dionysus's@example.com</email>
    <age>50</age>
    <city></city>
  </entry>
  <entry>
    <id>9444</id>
    <name>aneurisms</name>
    <email>aneurisms@example.com</email>
    <age>27</age>
    <city></city>
  </entry>
  <entry>
    <id>9265</id>
    <name>imply</name>
    <email>imply@example.com</email>
    <age>64</age>
    <city></city>
  </entry>
  <entry>
    <id>7543</id>
    <name>breathless</name>
    <email>breathless@example.com</email>
    <age>30</age>
    <city></city>
  </entry>
  <entry>
    <id>4099</id>
    <name>researcher</name>
    <email>researcher@example.com</email>
    <age>63</age>
    <city></city>
  </entry>
  <entry>
    <id>1522</id>
    <name>mullah</name>
    <email>mullah@example.com</email>
    <age>38</age>
    <city></city>
  </entry>
  <entry>
    <id>4018</id>
    <name>Liza</name>
    <email>Liza@example.com</email>
    <age>43</age>
    <city></city>
  </entry>
  <entry>
    <id>2573</id>
    <name>immoderate</name>
    <email>immoderate@example.com</email>
    <age>29</age>
    <city></city>
  </entry>
  <entry>
    <id>10083</id>
    <name>professorships</name>
    <email>professorships@example.com</email>
    <age>41</age>
    <city></city>
  </entry>
  <entry>
    <id>10200</id>
    <name>Ofelia</name>
    <email>Ofelia@example.com</email>
    <age>65</age>
    <city></city>
  </entry>
  <entry>
    <id>1485</id>
    <name>dryers</name>
    <email>dryers@example.com</email>
    <age>19</age>
    <city></city>
  </entry>
  <entry>
    <id>5432</id>
    <name>pantie</name>
    <email>pantie@example.com</email>
    <age>25</age>
    <city></city>
  </entry>
  <entry>
    <id>1304</id>
    <name>BC's</name>
    <email>BC's@example.com</email>
    <age>24</age>
    <city></city>
  </entry>
  <entry>
    <id>2340</id>
    <name>probability's</name>
    <email>probability's@example.com</email>
    <age>37</age>
    <city></city>
  </entry>
  <entry>
    <id>10599</id>
    <name>week's</name>
    <email>week's@example.com</email>
    <age>34</age>
    <city></city>
  </entry>
  <entry>
    <id>8310</id>
    <name>Hague</name>
    <email>Hague@example.com</email>
    <age>64</age>
    <city></city>
  </entry>
  <entry>
    <id>6028</id>
    <name>furlong</name>
    <email>furlong@example.com</email>
    <age>30</age>
    <city></city>
  </entry>
  <entry>
    <id>2088</id>
    <name>fencing's</name>
    <email>fencing's@example.com</email>
    <age>43</age>
    <city></city>
  </entry>
  <entry>
    <id>5807</id>
    <name>misappropriation</name>
    <email>misappropriation@example.com</email>
    <age>44</age>
    <city></city>
  </entry>
  <entry>
    <id>6738</id>
    <name>Praetorian's</name>
    <email>Praetorian's@example.com</email>
    <age>44</age>
    <city></city>
  </entry>
  <entry>
    <id>7288</id>
    <name>LPN</name>
    <email>LPN@example.com</email>
    <age>48</age>
    <city></city>
  </entry>
  <entry>
    <id>8313</id>
    <name>ticks</name>
    <email>ticks@example.com</email>
    <age>47</age>
    <city></city>
  </entry>
  <entry>
    <id>4831</id>
    <name>conservative's</name>
    <email>conservative's@example.com</email>
    <age>35</age>
    <city></city>
  </entry>
  <entry>
    <id>3820</id>
    <name>desktop</name>
    <email>desktop@example.com</email>
    <age>58</age>
    <city></city>
  </entry>
  <entry>
    <id>3280</id>
    <name>parallelisms</name>
    <email>parallelisms@example.com</email>
    <age>37</age>
    <city></city>
  </entry>
  <entry>
    <id>8361</id>
    <name>cricket's</name>
    <email>cricket's@example.com</email>
    <age>32</age>
    <city></city>
  </entry>
  <entry>
    <id>5089</id>
    <name>yawns</name>
    <email>yawns@example.com</email>
    <age>28</age>
    <city></city>
  </entry>
  <entry>
    <id>8613</id>
    <name>sodomy's</name>
    <email>sodomy's@example.com</email>
    <age>37</age>
    <city></city>
  </entry>
  <entry>
    <id>2425</id>
    <name>chyron's</name>
    <email>chyron's@example.com</email>
    <age>53</age>
    <city></city>
  </entry>
  <entry>
    <id>8105</id>
    <name>woodman's</name>
    <email>woodman's@example.com</email>
    <age>60</age>
    <city></city>
  </entry>
  <entry>
    <id>6311</id>
    <name>Moreno's</name>
    <email>Moreno's@example.com</email>
    <age>21</age>
    <city></city>
  </entry>
  <entry>
    <id>2830</id>
    <name>sepulchered</name>
    <email>sepulchered@example.com</email>
    <age>23</age>
    <city></city>
  </entry>
  <entry>
    <id>9676</id>
    <name>moisturizer's</name>
    <email>moisturizer's@example.com</email>
    <age>52</age>
    <city></city>
  </entry>
  <entry>
    <id>5664</id>
    <name>Mitchell</name>
    <email>Mitchell@example.com</email>
    <age>37</age>
    <city></city>
  </entry>
  <entry>
    <id>9256</id>
    <name>deficit</name>
    <email>deficit@example.com</email>
    <age>62</age>
    <city></city>
  </entry>
  <entry>
    <id>6733</id>
    <name>Brazos</name>
    <email>Brazos@example.com</email>
    <age>65</age>
    <city></city>
  </entry>
  <entry>
    <id>1132</id>
    <name>O's</name>
    <email>O's@example.com</email>
    <age>44</age>
    <city></city>
  </entry>
  <entry>
    <id>7760</id>
    <name>toxemia</name>
    <email>toxemia@example.com</email>
    <age>39</age>
    <city></city>
  </entry>
  <entry>
    <id>10403</id>
    <name>suspense's</name>
    <email>suspense's@example.com</email>
    <age>31</age>
    <city></city>
  </entry>
  <entry>
    <id>10672</id>
    <name>fork</name>
    <email>fork@example.com</email>
    <age>49</age>
    <city></city>
  </entry>
  <entry>
    <id>1028</id>
    <name>knottiest</name>
    <email>knottiest@example.com</email>
    <age>28</age>
    <city></city>
  </entry>
  <entry>
    <id>2097</id>
    <name>passageways</name>
    <email>passageways@example.com</email>
    <age>54</age>
    <city></city>
  </entry>
  <entry>
    <id>3995</id>
    <name>peacekeeping's</name>
    <email>peacekeeping's@example.com</email>
    <age>26</age>
    <city></city>
  </entry>
  <entry>
    <id>1562</id>
    <name>refrains</name>
    <email>refrains@example.com</email>
    <age>40</age>
    <city></city>
  </entry>
  <entry>
    <id>7001</id>
    <name>poultry</name>
    <email>poultry@example.com</email>
    <age>29</age>
    <city></city>
  </entry>
  <entry>
    <id>2952</id>
    <name>riled</name>
    <email>riled@example.com</email>
    <age>48</age>
    <city></city>
  </entry>
  <entry>
    <id>6282</id>
    <name>Zoroastrianisms</name>
    <email>Zoroastrianisms@example.com</email>
    <age>44</age>
    <city></city>
  </entry>
  <entry>
    <id>2218</id>
    <name>Brunhilde</name>
    <email>Brunhilde@example.com</email>
    <age>53</age>
    <city></city>
  </entry>
</data>
