[
  {"id": 4862, "name": "boxcar's", "email": "boxcar's@example.com", "age": 41, "city": ""},
  {"id": 4335, "name": "studio's", "email": "studio's@example.com", "age": 29, "city": ""},
  {"id": 4636, "name": "johns", "email": "johns@example.com", "age": 49, "city": ""},
  {"id": 10873, "name": "Robson", "email": "Robson@example.com", "age": 63, "city": ""},
  {"id": 4738, "name": "skulduggery", "email": "skulduggery@example.com", "age": 22, "city": ""},
  {"id": 2594, "name": "Bradbury", "email": "Bradbury@example.com", "age": 22, "city": ""},
  {"id": 7761, "name": "hopscotch", "email": "hopscotch@example.com", "age": 29, "city": ""},
  {"id": 5918, "name": "draft's", "email": "draft's@example.com", "age": 23, "city": ""},
  {"id": 3479, "name": "mislays", "email": "mislays@example.com", "age": 25, "city": ""},
  {"id": 7647, "name": "bosoms", "email": "bosoms@example.com", "age": 59, "city": ""},
  {"id": 2780, "name": "fitter", "email": "fitter@example.com", "age": 59, "city": ""},
  {"id": 1240, "name": "depredation's", "email": "depredation's@example.com", "age": 57, "city": ""},
  {"id": 1724, "name": "charge", "email": "charge@example.com", "age": 29, "city": ""},
  {"id": 3159, "name": "Gilgamesh", "email": "Gilgamesh@example.com", "age": 61, "city": ""},
  {"id": 10490, "name": "Montpelier's", "email": "Montpelier's@example.com", "age": 18, "city": ""},
  {"id": 8597, "name": "goldfinch", "email": "goldfinch@example.com", "age": 62, "city": ""},
  {"id": 9831, "name": "extortionist", "email": "extortionist@example.com", "age": 19, "city": ""},
  {"id": 4534, "name": "transitioned", "email": "transitioned@example.com", "age": 48, "city": ""},
  {"id": 2547, "name": "habitual", "email": "habitual@example.com", "age": 48, "city": ""},
  {"id": 5057, "name": "weeder", "email": "weeder@example.com", "age": 53, "city": ""},
  {"id": 9431, "name": "hurler's", "email": "hurler's@example.com", "age": 25, "city": ""},
  {"id": 7843, "name": "jumbo", "email": "jumbo@example.com", "age": 27, "city": ""},
  {"id": 8131, "name": "reversion's", "email": "reversion's@example.com", "age": 63, "city": ""},
  {"id": 7062, "name": "max's", "email": "max's@example.com", "age": 42, "city": ""},
  {"id": 10643, "name": "reimposing", "email": "reimposing@example.com", "age": 19, "city": ""},
  {"id": 8150, "name": "capital", "email": "capital@example.com", "age": 24, "city": ""},
  {"id": 5791, "name": "sacristan's", "email": "sacristan's@example.com", "age": 59, "city": ""},
  {"id": 2654, "name": "Gounod", "email": "Gounod@example.com", "age": 33, "city": ""},
  {"id": 10368, "name": "stoner's", "email": "stoner's@example.com", "age": 31, "city": ""},
  {"id": 6734, "name": "aureolas", "email": "aureolas@example.com", "age": 46, "city": ""},
  {"id": 7985, "name": "modifying", "email": "modifying@example.com", "age": 52, "city": ""},
  {"id": 10640, "name": "Muir's", "email": "Muir's@example.com", "age": 54, "city": ""},
  {"id": 3352, "name": "cachet's", "email": "cachet's@example.com", "age": 24, "city": ""},
  {"id": 3283, "name": "Speer", "email": "Speer@example.com", "age": 62, "city": ""},
  {"id": 3871, "name": "Peruvian", "email": "Peruvian@example.com", "age": 62, "city": ""},
  {"id": 5533, "name": "wickedly", "email": "wickedly@example.com", "age": 24, "city": ""},
  {"id": 6949, "name": "builder's", "email": "builder's@example.com", "age": 56, "city": ""},
  {"id": 5102, "name": "Reuther", "email": "Reuther@example.com", "age": 33, "city": ""},
  {"id": 2412, "name": "showcasing", "email": "showcasing@example.com", "age": 41, "city": ""},
  {"id": 3394, "name": "Skylab's", "email": "Skylab's@example.com", "age": 36, "city": ""},
  {"id": 6648, "name": "hookups", "email": "hookups@example.com", "age": 58, "city": ""},
  {"id": 10520, "name": "Hughes", "email": "Hughes@example.com", "age": 22, "city": ""},
  {"id": 9897, "name": "Tibetans", "email": "Tibetans@example.com", "age": 47, "city": ""},
  {"id": 5556, "name": "snowblower", "email": "snowblower@example.com", "age": 28, "city": ""},
  {"id": 10434, "name": "noted", "email": "noted@example.com", "age": 46, "city": ""},
  {"id": 1527, "name": "parries", "email": "parries@example.com", "age": 35, "city": ""},
  {"id": 8713, "name": "highjackers", "email": "highjackers@example.com", "age": 18, "city": ""},
  {"id": 10905, "name": "synapse's", "email": "synapse's@example.com", "age": 30, "city": ""},
  {"id": 10667, "name": "overdose's", "email": "overdose's@example.com", "age": 26, "city": ""},
  {"id": 10554, "name": "gondolas", "email": "gondolas@example.com", "age": 21, "city": ""},
  {"id": 1801, "name": "imprecations", "email": "imprecations@example.com", "age": 44, "city": ""},
  {"id": 8160, "name": "receptionists", "email": "receptionists@example.com", "age": 58, "city": ""},
  {"id": 3046, "name": "pope", "email": "pope@example.com", "age": 25, "city": ""},
  {"id": 4797, "name": "Linwood", "email": "Linwood@example.com", "age": 20, "city": ""},
  {"id": 2421, "name": "enfranchisement's", "email": "enfranchisement's@example.com", "age": 60, "city": ""},
  {"id": 2695, "name": "adulterant's", "email": "adulterant's@example.com", "age": 44, "city": ""},
  {"id": 6523, "name": "indeterminacy", "email": "indeterminacy@example.com", "age": 50, "city": ""},
  {"id": 8539, "name": "flexes", "email": "flexes@example.com", "age": 25, "city": ""},
  {"id": 9978, "name": "caverns", "email": "caverns@example.com", "age": 22, "city": ""},
  {"id": 3894, "name": "empowering", "email": "empowering@example.com", "age": 64, "city": ""},
  {"id": 2485, "name": "allured", "email": "allured@example.com", "age": 34, "city": ""},
  {"id": 2769, "name": "conducted", "email": "conducted@example.com", "age": 18, "city": ""},
  {"id": 8588, "name": "posy's", "email": "posy's@example.com", "age": 24, "city": ""},
  {"id": 2531, "name": "glissando", "email": "glissando@example.com", "age": 34, "city": ""},
  {"id": 5563, "name": "infields", "email": "infields@example.com", "age": 45, "city": ""},
  {"id": 3719, "name": "vanguard", "email": "vanguard@example.com", "age": 56, "city": ""},
  {"id": 3618, "name": "samples", "email": "samples@example.com", "age": 35, "city": ""},
  {"id": 6304, "name": "apprenticeships", "email": "apprenticeships@example.com", "age": 41, "city": ""},
  {"id": 9449, "name": "rotogravure", "email": "rotogravure@example.com", "age": 40, "city": ""},
  {"id": 6615, "name": "mulattos", "email": "mulattos@example.com", "age": 39, "city": ""},
  {"id": 2560, "name": "Juliet's", "email": "Juliet's@example.com", "age": 49, "city": ""},
  {"id": 6478, "name": "main's", "email": "main's@example.com", "age": 24, "city": ""},
  {"id": 1350, "name": "gentian's", "email": "gentian's@example.com", "age": 43, "city": ""},
  {"id": 3285, "name": "foxglove's", "email": "foxglove's@example.com", "age": 32, "city": ""},
  {"id": 6505, "name": "extravagant", "email": "extravagant@example.com", "age": 63, "city": ""},
  {"id": 10445, "name": "outfits", "email": "outfits@example.com", "age": 42, "city": ""},
  {"id": 1078, "name": "frenzy", "email": "frenzy@example.com", "age": 47, "city": ""},
  {"id": 9707, "name": "Masters's", "email": "Masters's@example.com", "age": 28, "city": ""},
  {"id": 2791, "name": "atrocities", "email": "atrocities@example.com", "age": 29, "city": ""},
  {"id": 10327, "name": "infomercial's", "email": "infomercial's@example.com", "age": 45, "city": ""},
  {"id": 1013, "name": "grassiest", "email": "grassiest@example.com", "age": 24, "city": ""},
  {"id": 9450, "name": "reconfiguration", "email": "reconfiguration@example.com", "age": 25, "city": ""},
  {"id": 9058, "name": "Io", "email": "Io@example.com", "age": 24, "city": ""},
  {"id": 8238, "name": "tripod's", "email": "tripod's@example.com", "age": 64, "city": ""},
  {"id": 8097, "name": "shanghaiing", "email": "shanghaiing@example.com", "age": 34, "city": ""},
  {"id": 6708, "name": "mackinaws", "email": "mackinaws@example.com", "age": 55, "city": ""},
  {"id": 8843, "name": "Coffey's", "email": "Coffey's@example.com", "age": 25, "city": ""},
  {"id": 2045, "name": "Sterne", "email": "Sterne@example.com", "age": 33, "city": ""},
  {"id": 1087, "name": "coloratura's", "email": "coloratura's@example.com", "age": 26, "city": ""},
  {"id": 7535, "name": "unimpeachable", "email": "unimpeachable@example.com", "age": 51, "city": ""},
  {"id": 2115, "name": "pressman", "email": "pressman@example.com", "age": 55, "city": ""},
  {"id": 3178, "name": "Tyndale", "email": "Tyndale@example.com", "age": 61, "city": ""},
  {"id": 7573, "name": "carcinomas", "email": "carcinomas@example.com", "age": 23, "city": ""},
  {"id": 6222, "name": "flexibly", "email": "flexibly@example.com", "age": 52, "city": ""},
  {"id": 4513, "name": "Sung's", "email": "Sung's@example.com", "age": 30, "city": ""},
  {"id": 8676, "name": "underarms", "email": "underarms@example.com", "age": 34, "city": ""},
  {"id": 10129, "name": "sedan's", "email": "sedan's@example.com", "age": 64, "city": ""},
  {"id": 10931, "name": "pedlars", "email": "pedlars@example.com", "age": 56, "city": ""},
  {"id": 2675, "name": "skedaddled", "email": "skedaddled@example.com", "age": 29, "city": ""},
  {"id": 2962, "name": "Ramos's", "email": "Ramos's@example.com", "age": 42, "city": ""},
  {"id": 1967, "name": "facial's", "email": "facial's@example.com", "age": 50, "city": ""},
  {"id": 5248, "name": "countersign's", "email": "countersign's@example.com", "age": 65, "city": ""},
  {"id": 3487, "name": "oneness", "email": "oneness@example.com", "age": 35, "city": ""},
  {"id": 2201, "name": "illicit", "email": "illicit@example.com", "age": 25, "city": ""},
  {"id": 5869, "name": "xenophobic", "email": "xenophobic@example.com", "age": 53, "city": ""},
  {"id": 2532, "name": "pitfall", "email": "pitfall@example.com", "age": 28, "city": ""},
  {"id": 5048, "name": "Hibernia", "email": "Hibernia@example.com", "age": 37, "city": ""},
  {"id": 8599, "name": "Poppins's", "email": "Poppins's@example.com", "age": 43, "city": ""},
  {"id": 8962, "name": "kenned", "email": "kenned@example.com", "age": 22, "city": ""},
  {"id": 5603, "name": "relapsed", "email": "relapsed@example.com", "age": 45, "city": ""},
  {"id": 1858, "name": "barnstorms", "email": "barnstorms@example.com", "age": 50, "city": ""},
  {"id": 10828, "name": "yummier", "email": "yummier@example.com", "age": 25, "city": ""},
  {"id": 6275, "name": "ethics", "email": "ethics@example.com", "age": 45, "city": ""},
  {"id": 9705, "name": "overpasses", "email": "overpasses@example.com", "age": 60, "city": ""},
  {"id": 5185, "name": "use's", "email": "use's@example.com", "age": 65, "city": ""},
  {"id": 1308, "name": "pended", "email": "pended@example.com", "age": 31, "city": ""},
  {"id": 10274, "name": "receptionists", "email": "receptionists@example.com", "age": 33, "city": ""},
  {"id": 3901, "name": "shelf", "email": "shelf@example.com", "age": 23, "city": ""},
  {"id": 5797, "name": "Moliere", "email": "Moliere@example.com", "age": 21, "city": ""},
  {"id": 9122, "name": "digitizes", "email": "digitizes@example.com", "age": 49, "city": ""},
  {"id": 8652, "name": "marshaling", "email": "marshaling@example.com", "age": 40, "city": ""},
  {"id": 10517, "name": "ism", "email": "ism@example.com", "age": 54, "city": ""},
  {"id": 5602, "name": "armlets", "email": "armlets@example.com", "age": 32, "city": ""},
  {"id": 2394, "name": "redesigns", "email": "redesigns@example.com", "age": 30, "city": ""},
  {"id": 3846, "name": "Bridgeport's", "email": "Bridgeport's@example.com", "age": 65, "city": ""},
  {"id": 8279, "name": "nonobjective", "email": "nonobjective@example.com", "age": 21, "city": ""},
  {"id": 6546, "name": "toady's", "email": "toady's@example.com", "age": 38, "city": ""},
  {"id": 1713, "name": "dependable", "email": "dependable@example.com", "age": 50, "city": ""},
  {"id": 10112, "name": "hyperventilated", "email": "hyperventilated@example.com", "age": 24, "city": ""},
  {"id": 6159, "name": "proposals", "email": "proposals@example.com", "age": 19, "city": ""},
  {"id": 2011, "name": "superman's", "email": "superman's@example.com", "age": 29, "city": ""},
  {"id": 5605, "name": "Tycho's", "email": "Tycho's@example.com", "age": 19, "city": ""},
  {"id": 9656, "name": "seed's", "email": "seed's@example.com", "age": 49, "city": ""},
  {"id": 1206, "name": "participate", "email": "participate@example.com", "age": 27, "city": ""},
  {"id": 6629, "name": "Normandy's", "email": "Normandy's@example.com", "age": 50, "city": ""},
  {"id": 1598, "name": "Araceli's", "email": "Araceli's@example.com", "age": 50, "city": ""},
  {"id": 7226, "name": "evocative", "email": "evocative@example.com", "age": 29, "city": ""},
  {"id": 9812, "name": "Andalusian's", "email": "Andalusian's@example.com", "age": 52, "city": ""},
  {"id": 3925, "name": "Natchez's", "email": "Natchez's@example.com", "age": 20, "city": ""},
  {"id": 3699, "name": "saturation", "email": "saturation@example.com", "age": 56, "city": ""},
  {"id": 7363, "name": "revolved", "email": "revolved@example.com", "age": 58, "city": ""},
  {"id": 7388, "name": "codicils", "email": "codicils@example.com", "age": 53, "city": ""},
  {"id": 10714, "name": "Philippines", "email": "Philippines@example.com", "age": 23, "city": ""},
  {"id": 5873, "name": "Pei's", "email": "Pei's@example.com", "age": 55, "city": ""}
]
