id,name,email,age,city
8449,Wolff,Wolff@example.com,60,
6967,chiefest,chiefest@example.com,39,
6081,expire,expire@example.com,34,
9750,adman,adman@example.com,49,
5874,tics,tics@example.com,34,
9490,gangplanks,gangplanks@example.com,52,
7730,clots,clots@example.com,33,
9985,pyrite,pyrite@example.com,44,
6277,NVIDIA's,NVIDIA's@example.com,39,
2226,ridgepole's,ridgepole's@example.com,21,
2185,VHF,VHF@example.com,24,
8676,adopted,adopted@example.com,30,
1230,decomposing,decomposing@example.com,34,
7711,Spencer,Spencer@example.com,24,
6584,surge,surge@example.com,32,
8102,conflagration's,conflagration's@example.com,59,
6698,haggler's,haggler's@example.com,42,
6372,Helios's,Helios's@example.com,40,
5478,Yangon's,Yangon's@example.com,45,
9296,bestrid,bestrid@example.com,39,
4957,profoundest,profoundest@example.com,63,
10051,trafficker's,trafficker's@example.com,26,
3110,forthcoming's,forthcoming's@example.com,33,
3379,mortuary,mortuary@example.com,32,
10610,deterrence's,deterrence's@example.com,52,
8869,hunker,hunker@example.com,42,
3308,nonusers,nonusers@example.com,24,
6338,pellet's,pellet's@example.com,34,
3187,Vedas,Vedas@example.com,52,
3559,sortieing,sortieing@example.com,31,
7120,oilskin,oilskin@example.com,46,
10350,simplifies,simplifies@example.com,64,
3386,Attic,Attic@example.com,19,
1698,petulant,petulant@example.com,63,
4873,pursuit's,pursuit's@example.com,31,
1565,stink's,stink's@example.com,28,
10744,hate's,hate's@example.com,23,
1194,erosion,erosion@example.com,45,
5195,prefix,prefix@example.com,41,
6837,perky,perky@example.com,22,
7405,jubilation's,jubilation's@example.com,45,
3152,shields,shields@example.com,56,
2268,Oldfield,Oldfield@example.com,34,
3614,crochet,crochet@example.com,26,
4854,blessing's,blessing's@example.com,34,
10528,gamekeepers,gamekeepers@example.com,46,
9418,junket,junket@example.com,28,
1522,institutional,institutional@example.com,23,
4345,Lexington,Lexington@example.com,47,
8712,captivity's,captivity's@example.com,44,
10195,odorous,odorous@example.com,46,
1972,simulated,simulated@example.com,64,
6067,visualization,visualization@example.com,46,
2613,aerates,aerates@example.com,22,
8741,renovate,renovate@example.com,22,
3383,welt,welt@example.com,39,
4663,Elizabethtown,Elizabethtown@example.com,22,
8660,lodgers,lodgers@example.com,30,
4004,boss's,boss's@example.com,65,
5137,aloud,aloud@example.com,58,
4066,fiords,fiords@example.com,60,
6582,oaks,oaks@example.com,59,
7373,wreckage,wreckage@example.com,55,
8187,Hugh,Hugh@example.com,33,
2113,crinkle,crinkle@example.com,48,
4905,Olympia,Olympia@example.com,48,
7445,patchiest,patchiest@example.com,35,
3252,Secretary,Secretary@example.com,26,
10459,mothers,mothers@example.com,26,
9982,constitutionals,constitutionals@example.com,20,
6049,gentles,gentles@example.com,26,
1926,circles,circles@example.com,29,
10024,VHF,VHF@example.com,35,
3054,linkup's,linkup's@example.com,37,
6386,underbidding,underbidding@example.com,27,
1044,soulmate,soulmate@example.com,23,
10190,validated,validated@example.com,26,
9435,short's,short's@example.com,30,
5013,umpteen,umpteen@example.com,42,
5622,Sunkist,Sunkist@example.com,59,
2501,biceps's,biceps's@example.com,24,
5188,buffeted,buffeted@example.com,26,
5076,pointillism's,pointillism's@example.com,61,
1409,horsefly,horsefly@example.com,28,
5972,preheat,preheat@example.com,20,
3342,molt's,molt's@example.com,29,
1437,slogging,slogging@example.com,50,
2298,tact,tact@example.com,30,
5010,furbelow's,furbelow's@example.com,36,
2832,used,used@example.com,19,
10606,sexism's,sexism's@example.com,51,
7164,strut,strut@example.com,30,
9972,Trenton's,Trenton's@example.com,27,
2354,admit,admit@example.com,36,
1716,imagine,imagine@example.com,37,
3835,hangovers,hangovers@example.com,45,
3671,rosebush,rosebush@example.com,20,
10754,gnus,gnus@example.com,57,
1009,freakish,freakish@example.com,55,
3187,refinishing,refinishing@example.com,59,
7490,prejudice,prejudice@example.com,50,
6097,strudel,strudel@example.com,50,
6328,specializations,specializations@example.com,55,
10387,Windex,Windex@example.com,41,
10852,Rochelle's,Rochelle's@example.com,27,
9850,workplace's,workplace's@example.com,59,
3889,recessionals,recessionals@example.com,33,
6865,perversity's,perversity's@example.com,28,
6704,retailing,retailing@example.com,43,
4208,fungal,fungal@example.com,56,
2853,coughs,coughs@example.com,22,
4950,aftershave,aftershave@example.com,23,
4467,nunneries,nunneries@example.com,58,
6476,interferon's,interferon's@example.com,19,
6370,productivity,productivity@example.com,26,
8110,hypertext's,hypertext's@example.com,54,
6233,evener,evener@example.com,46,
5207,batiks,batiks@example.com,65,
2426,whiter,whiter@example.com,52,
8401,parish,parish@example.com,44,
4518,anxieties,anxieties@example.com,65,
1023,Esther,Esther@example.com,31,
1050,Debbie's,Debbie's@example.com,39,
5576,demographic,demographic@example.com,41,
10963,wallows,wallows@example.com,25,
9711,prolongation's,prolongation's@example.com,43,
2205,hankie,hankie@example.com,27,
1082,Rogers,Rogers@example.com,27,
3326,Lebanon's,Lebanon's@example.com,37,
2891,desalinate,desalinate@example.com,20,
10148,Deloris's,Deloris's@example.com,34,
9919,McCartney's,McCartney's@example.com,21,
4168,campaigned,campaigned@example.com,37,
4201,trashes,trashes@example.com,35,
3639,Arjuna's,Arjuna's@example.com,56,
1968,crowding,crowding@example.com,25,
9682,reenactment,reenactment@example.com,38,
1711,fleeciest,fleeciest@example.com,26,
7907,dragonfly's,dragonfly's@example.com,18,
8555,botany,botany@example.com,23,
8596,spruced,spruced@example.com,19,
4399,Si's,Si's@example.com,64,
8576,Yemen,Yemen@example.com,21,
6500,aberrations,aberrations@example.com,34,
9384,inviolability's,inviolability's@example.com,30,
10078,oiling,oiling@example.com,23,
7070,Alhambra,Alhambra@example.com,48,
6175,Blackwell,Blackwell@example.com,32,
10521,smarting,smarting@example.com,38,
3056,offended,offended@example.com,35,
7813,novice,novice@example.com,55,
6425,netting,netting@example.com,20,
1944,instructive,instructive@example.com,53,
8056,overbear,overbear@example.com,52,
7842,canting,canting@example.com,38,
3781,habits,habits@example.com,21,
