[
  {"id": 1936, "name": "theistic", "email": "theistic@example.com", "age": 42, "city": ""},
  {"id": 2023, "name": "lepers", "email": "lepers@example.com", "age": 21, "city": ""},
  {"id": 2153, "name": "comity", "email": "comity@example.com", "age": 55, "city": ""},
  {"id": 6810, "name": "reentry", "email": "reentry@example.com", "age": 20, "city": ""},
  {"id": 2546, "name": "herons", "email": "herons@example.com", "age": 48, "city": ""},
  {"id": 10850, "name": "leguminous", "email": "leguminous@example.com", "age": 49, "city": ""},
  {"id": 6785, "name": "invitingly", "email": "invitingly@example.com", "age": 54, "city": ""},
  {"id": 1839, "name": "ounces", "email": "ounces@example.com", "age": 26, "city": ""},
  {"id": 8490, "name": "reliability", "email": "reliability@example.com", "age": 48, "city": ""},
  {"id": 2795, "name": "bromide", "email": "bromide@example.com", "age": 62, "city": ""},
  {"id": 3517, "name": "eds", "email": "eds@example.com", "age": 34, "city": ""},
  {"id": 5551, "name": "reactivated", "email": "reactivated@example.com", "age": 62, "city": ""},
  {"id": 5068, "name": "Deanna's", "email": "Deanna's@example.com", "age": 53, "city": ""},
  {"id": 3967, "name": "brightness", "email": "brightness@example.com", "age": 54, "city": ""},
  {"id": 3399, "name": "womenfolk's", "email": "womenfolk's@example.com", "age": 51, "city": ""},
  {"id": 1762, "name": "dust's", "email": "dust's@example.com", "age": 62, "city": ""},
  {"id": 10811, "name": "Hopi", "email": "Hopi@example.com", "age": 45, "city": ""},
  {"id": 7559, "name": "macrocosms", "email": "macrocosms@example.com", "age": 37, "city": ""},
  {"id": 1054, "name": "incites", "email": "incites@example.com", "age": 19, "city": ""},
  {"id": 10544, "name": "dejected", "email": "dejected@example.com", "age": 50, "city": ""},
  {"id": 8500, "name": "revolutionary", "email": "revolutionary@example.com", "age": 24, "city": ""},
  {"id": 7672, "name": "extemporize", "email": "extemporize@example.com", "age": 46, "city": ""},
  {"id": 1546, "name": "Vitim", "email": "Vitim@example.com", "age": 46, "city": ""},
  {"id": 2819, "name": "Weston", "email": "Weston@example.com", "age": 32, "city": ""},
  {"id": 2990, "name": "voracity", "email": "voracity@example.com", "age": 43, "city": ""},
  {"id": 6089, "name": "inhibited", "email": "inhibited@example.com", "age": 61, "city": ""},
  {"id": 4004, "name": "vaudeville", "email": "vaudeville@example.com", "age": 28, "city": ""},
  {"id": 2792, "name": "clichéd", "email": "clichéd@example.com", "age": 24, "city": ""},
  {"id": 4831, "name": "lordlier", "email": "lordlier@example.com", "age": 43, "city": ""},
  {"id": 4087, "name": "revelling", "email": "revelling@example.com", "age": 56, "city": ""},
  {"id": 3884, "name": "sequel", "email": "sequel@example.com", "age": 32, "city": ""},
  {"id": 8414, "name": "donkeys", "email": "donkeys@example.com", "age": 57, "city": ""},
  {"id": 2283, "name": "Sakhalin", "email": "Sakhalin@example.com", "age": 21, "city": ""},
  {"id": 1658, "name": "comedown", "email": "comedown@example.com", "age": 46, "city": ""},
  {"id": 6966, "name": "perigee's", "email": "perigee's@example.com", "age": 61, "city": ""},
  {"id": 1892, "name": "concreted", "email": "concreted@example.com", "age": 42, "city": ""},
  {"id": 5971, "name": "fatefully", "email": "fatefully@example.com", "age": 38, "city": ""},
  {"id": 2462, "name": "conceptualized", "email": "conceptualized@example.com", "age": 63, "city": ""},
  {"id": 2758, "name": "phreaking", "email": "phreaking@example.com", "age": 48, "city": ""},
  {"id": 6733, "name": "bunt's", "email": "bunt's@example.com", "age": 34, "city": ""},
  {"id": 6704, "name": "gossips", "email": "gossips@example.com", "age": 36, "city": ""},
  {"id": 9070, "name": "elephant", "email": "elephant@example.com", "age": 26, "city": ""},
  {"id": 2112, "name": "turves", "email": "turves@example.com", "age": 48, "city": ""},
  {"id": 4724, "name": "fourteenths", "email": "fourteenths@example.com", "age": 48, "city": ""},
  {"id": 1519, "name": "troubles", "email": "troubles@example.com", "age": 59, "city": ""},
  {"id": 3339, "name": "dustbin", "email": "dustbin@example.com", "age": 51, "city": ""},
  {"id": 8700, "name": "Hussein's", "email": "Hussein's@example.com", "age": 36, "city": ""},
  {"id": 7679, "name": "assassinating", "email": "assassinating@example.com", "age": 54, "city": ""},
  {"id": 5097, "name": "nylons", "email": "nylons@example.com", "age": 40, "city": ""},
  {"id": 6017, "name": "puttering", "email": "puttering@example.com", "age": 31, "city": ""},
  {"id": 3227, "name": "hating", "email": "hating@example.com", "age": 38, "city": ""},
  {"id": 2636, "name": "oversupplied", "email": "oversupplied@example.com", "age": 19, "city": ""},
  {"id": 2428, "name": "Hay", "email": "Hay@example.com", "age": 32, "city": ""},
  {"id": 9940, "name": "Wong's", "email": "Wong's@example.com", "age": 52, "city": ""},
  {"id": 6337, "name": "lechers", "email": "lechers@example.com", "age": 55, "city": ""},
  {"id": 10062, "name": "banishing", "email": "banishing@example.com", "age": 38, "city": ""},
  {"id": 7462, "name": "Rhine's", "email": "Rhine's@example.com", "age": 35, "city": ""},
  {"id": 2779, "name": "barns", "email": "barns@example.com", "age": 33, "city": ""},
  {"id": 6677, "name": "followups", "email": "followups@example.com", "age": 23, "city": ""},
  {"id": 5510, "name": "transcendentalists", "email": "transcendentalists@example.com", "age": 22, "city": ""},
  {"id": 6795, "name": "egalitarian", "email": "egalitarian@example.com", "age": 27, "city": ""},
  {"id": 6789, "name": "Zen's", "email": "Zen's@example.com", "age": 19, "city": ""},
  {"id": 10796, "name": "pancakes", "email": "pancakes@example.com", "age": 59, "city": ""},
  {"id": 1069, "name": "closing", "email": "closing@example.com", "age": 31, "city": ""},
  {"id": 1785, "name": "verse's", "email": "verse's@example.com", "age": 23, "city": ""},
  {"id": 6348, "name": "refugee's", "email": "refugee's@example.com", "age": 28, "city": ""},
  {"id": 2986, "name": "chimaeras", "email": "chimaeras@example.com", "age": 54, "city": ""},
  {"id": 7377, "name": "DDS's", "email": "DDS's@example.com", "age": 36, "city": ""},
  {"id": 3895, "name": "pterodactyl's", "email": "pterodactyl's@example.com", "age": 49, "city": ""},
  {"id": 2397, "name": "stupendous", "email": "stupendous@example.com", "age": 62, "city": ""},
  {"id": 1120, "name": "hangings", "email": "hangings@example.com", "age": 49, "city": ""},
  {"id": 9091, "name": "Richelieu's", "email": "Richelieu's@example.com", "age": 58, "city": ""},
  {"id": 2172, "name": "offertories", "email": "offertories@example.com", "age": 65, "city": ""},
  {"id": 1696, "name": "adroit", "email": "adroit@example.com", "age": 48, "city": ""},
  {"id": 7517, "name": "surfs", "email": "surfs@example.com", "age": 45, "city": ""},
  {"id": 1765, "name": "Jefferson", "email": "Jefferson@example.com", "age": 35, "city": ""},
  {"id": 10458, "name": "shanghaiing", "email": "shanghaiing@example.com", "age": 53, "city": ""},
  {"id": 9028, "name": "imperial's", "email": "imperial's@example.com", "age": 25, "city": ""},
  {"id": 4637, "name": "daisy", "email": "daisy@example.com", "age": 27, "city": ""},
  {"id": 2917, "name": "illness", "email": "illness@example.com", "age": 40, "city": ""},
  {"id": 9718, "name": "printings", "email": "printings@example.com", "age": 44, "city": ""},
  {"id": 1177, "name": "supposes", "email": "supposes@example.com", "age": 63, "city": ""},
  {"id": 1431, "name": "Angevin's", "email": "Angevin's@example.com", "age": 18, "city": ""},
  {"id": 2958, "name": "recompiling", "email": "recompiling@example.com", "age": 62, "city": ""},
  {"id": 5758, "name": "snobbish", "email": "snobbish@example.com", "age": 25, "city": ""},
  {"id": 7130, "name": "secularization", "email": "secularization@example.com", "age": 48, "city": ""},
  {"id": 1709, "name": "hawkish", "email": "hawkish@example.com", "age": 44, "city": ""},
  {"id": 10775, "name": "sitting", "email": "sitting@example.com", "age": 25, "city": ""},
  {"id": 7688, "name": "pompoms", "email": "pompoms@example.com", "age": 33, "city": ""},
  {"id": 1943, "name": "cups", "email": "cups@example.com", "age": 53, "city": ""},
  {"id": 3616, "name": "opposites", "email": "opposites@example.com", "age": 60, "city": ""},
  {"id": 6206, "name": "mess", "email": "mess@example.com", "age": 37, "city": ""},
  {"id": 3412, "name": "disinfectants", "email": "disinfectants@example.com", "age": 49, "city": ""},
  {"id": 4632, "name": "projector", "email": "projector@example.com", "age": 34, "city": ""},
  {"id": 1992, "name": "currents", "email": "currents@example.com", "age": 19, "city": ""},
  {"id": 9970, "name": "peafowls", "email": "peafowls@example.com", "age": 37, "city": ""},
  {"id": 6795, "name": "Tinkerbell's", "email": "Tinkerbell's@example.com", "age": 64, "city": ""},
  {"id": 1887, "name": "mediators", "email": "mediators@example.com", "age": 24, "city": ""}
]
