<data>
  <entry>
    <id>2206</id>
    <name>isolationist's</name>
    <email>isolationist's@example.com</email>
    <age>40</age>
    <city></city>
  </entry>
  <entry>
    <id>2388</id>
    <name>carouser's</name>
    <email>carouser's@example.com</email>
    <age>37</age>
    <city></city>
  </entry>
  <entry>
    <id>2082</id>
    <name>hold's</name>
    <email>hold's@example.com</email>
    <age>37</age>
    <city></city>
  </entry>
  <entry>
    <id>1553</id>
    <name>eider</name>
    <email>eider@example.com</email>
    <age>55</age>
    <city></city>
  </entry>
  <entry>
    <id>8791</id>
    <name>serendipity</name>
    <email>serendipity@example.com</email>
    <age>29</age>
    <city></city>
  </entry>
  <entry>
    <id>6732</id>
    <name>withdrawn</name>
    <email>withdrawn@example.com</email>
    <age>26</age>
    <city></city>
  </entry>
  <entry>
    <id>1573</id>
    <name>thrill's</name>
    <email>thrill's@example.com</email>
    <age>24</age>
    <city></city>
  </entry>
  <entry>
    <id>7780</id>
    <name>disinheriting</name>
    <email>disinheriting@example.com</email>
    <age>50</age>
    <city></city>
  </entry>
  <entry>
    <id>4160</id>
    <name>anthropology</name>
    <email>anthropology@example.com</email>
    <age>33</age>
    <city></city>
  </entry>
  <entry>
    <id>1475</id>
    <name>swap's</name>
    <email>swap's@example.com</email>
    <age>52</age>
    <city></city>
  </entry>
  <entry>
    <id>5488</id>
    <name>Daphne</name>
    <email>Daphne@example.com</email>
    <age>20</age>
    <city></city>
  </entry>
  <entry>
    <id>4448</id>
    <name>Roberta</name>
    <email>Roberta@example.com</email>
    <age>29</age>
    <city></city>
  </entry>
  <entry>
    <id>10549</id>
    <name>frail</name>
    <email>frail@example.com</email>
    <age>18</age>
    <city></city>
  </entry>
  <entry>
    <id>8730</id>
    <name>impedimenta's</name>
    <email>impedimenta's@example.com</email>
    <age>55</age>
    <city></city>
  </entry>
  <entry>
    <id>5334</id>
    <name>Iowans</name>
    <email>Iowans@example.com</email>
    <age>32</age>
    <city></city>
  </entry>
  <entry>
    <id>4396</id>
    <name>espied</name>
    <email>espied@example.com</email>
    <age>52</age>
    <city></city>
  </entry>
  <entry>
    <id>4926</id>
    <name>disputation's</name>
    <email>disputation's@example.com</email>
    <age>49</age>
    <city></city>
  </entry>
  <entry>
    <id>1108</id>
    <name>Derrida's</name>
    <email>Derrida's@example.com</email>
    <age>65</age>
    <city></city>
  </entry>
  <entry>
    <id>3060</id>
    <name>ulceration</name>
    <email>ulceration@example.com</email>
    <age>24</age>
    <city></city>
  </entry>
  <entry>
    <id>8218</id>
    <name>Libby</name>
    <email>Libby@example.com</email>
    <age>18</age>
    <city></city>
  </entry>
  <entry>
    <id>3765</id>
    <name>filtering</name>
    <email>filtering@example.com</email>
    <age>24</age>
    <city></city>
  </entry>
  <entry>
    <id>4765</id>
    <name>Conway</name>
    <email>Conway@example.com</email>
    <age>25</age>
    <city></city>
  </entry>
  <entry>
    <id>8312</id>
    <name>nervier</name>
    <email>nervier@example.com</email>
    <age>19</age>
    <city></city>
  </entry>
  <entry>
    <id>3492</id>
    <name>respects</name>
    <email>respects@example.com</email>
    <age>56</age>
    <city></city>
  </entry>
  <entry>
    <id>5204</id>
    <name>counters</name>
    <email>counters@example.com</email>
    <age>18</age>
    <city></city>
  </entry>
  <entry>
    <id>7411</id>
    <name>soiled</name>
    <email>soiled@example.com</email>
    <age>43</age>
    <city></city>
  </entry>
  <entry>
    <id>5059</id>
    <name>uninstallable</name>
    <email>uninstallable@example.com</email>
    <age>20</age>
    <city></city>
  </entry>
  <entry>
    <id>1745</id>
    <name>pilferers</name>
    <email>pilferers@example.com</email>
    <age>57</age>
    <city></city>
  </entry>
  <entry>
    <id>2007</id>
    <name>gardeners</name>
    <email>gardeners@example.com</email>
    <age>60</age>
    <city></city>
  </entry>
  <entry>
    <id>6186</id>
    <name>scrabbles</name>
    <email>scrabbles@example.com</email>
    <age>55</age>
    <city></city>
  </entry>
  <entry>
    <id>7913</id>
    <name>pullouts</name>
    <email>pullouts@example.com</email>
    <age>26</age>
    <city></city>
  </entry>
  <entry>
    <id>3465</id>
    <name>Photostatting</name>
    <email>Photostatting@example.com</email>
    <age>20</age>
    <city></city>
  </entry>
  <entry>
    <id>5177</id>
    <name>maledictions</name>
    <email>maledictions@example.com</email>
    <age>47</age>
    <city></city>
  </entry>
  <entry>
    <id>3660</id>
    <name>mantilla's</name>
    <email>mantilla's@example.com</email>
    <age>44</age>
    <city></city>
  </entry>
  <entry>
    <id>8230</id>
    <name>Brinkley's</name>
    <email>Brinkley's@example.com</email>
    <age>57</age>
    <city></city>
  </entry>
  <entry>
    <id>2616</id>
    <name>contaminant's</name>
    <email>contaminant's@example.com</email>
    <age>32</age>
    <city></city>
  </entry>
  <entry>
    <id>4266</id>
    <name>teaches</name>
    <email>teaches@example.com</email>
    <age>21</age>
    <city></city>
  </entry>
  <entry>
    <id>3347</id>
    <name>Exercycle's</name>
    <email>Exercycle's@example.com</email>
    <age>57</age>
    <city></city>
  </entry>
  <entry>
    <id>5580</id>
    <name>naiades</name>
    <email>naiades@example.com</email>
    <age>19</age>
    <city></city>
  </entry>
  <entry>
    <id>10851</id>
    <name>odd</name>
    <email>odd@example.com</email>
    <age>60</age>
    <city></city>
  </entry>
  <entry>
    <id>4666</id>
    <name>dork's</name>
    <email>dork's@example.com</email>
    <age>25</age>
    <city></city>
  </entry>
  <entry>
    <id>6359</id>
    <name>tastelessness</name>
    <email>tastelessness@example.com</email>
    <age>65</age>
    <city></city>
  </entry>
  <entry>
    <id>5835</id>
    <name>introduced</name>
    <email>introduced@example.com</email>
    <age>55</age>
    <city></city>
  </entry>
  <entry>
    <id>10405</id>
    <name>masher's</name>
    <email>masher's@example.com</email>
    <age>47</age>
    <city></city>
  </entry>
  <entry>
    <id>4188</id>
    <name>recruits</name>
    <email>recruits@example.com</email>
    <age>33</age>
    <city></city>
  </entry>
  <entry>
    <id>6194</id>
    <name>bisector</name>
    <email>bisector@example.com</email>
    <age>35</age>
    <city></city>
  </entry>
  <entry>
    <id>1871</id>
    <name>polytechnic's</name>
    <email>polytechnic's@example.com</email>
    <age>39</age>
    <city></city>
  </entry>
  <entry>
    <id>4293</id>
    <name>Angolan</name>
    <email>Angolan@example.com</email>
    <age>28</age>
    <city></city>
  </entry>
  <entry>
    <id>3850</id>
    <name>cleft</name>
    <email>cleft@example.com</email>
    <age>26</age>
    <city></city>
  </entry>
  <entry>
    <id>2092</id>
    <name>united</name>
    <email>united@example.com</email>
    <age>46</age>
    <city></city>
  </entry>
  <entry>
    <id>9491</id>
    <name>Mistassini's</name>
    <email>Mistassini's@example.com</email>
    <age>36</age>
    <city></city>
  </entry>
  <entry>
    <id>9368</id>
    <name>Skippy</name>
    <email>Skippy@example.com</email>
    <age>19</age>
    <city></city>
  </entry>
  <entry>
    <id>10573</id>
    <name>personages</name>
    <email>personages@example.com</email>
    <age>29</age>
    <city></city>
  </entry>
  <entry>
    <id>4739</id>
    <name>accessories</name>
    <email>accessories@example.com</email>
    <age>51</age>
    <city></city>
  </entry>
  <entry>
    <id>7935</id>
    <name>minibikes</name>
    <email>minibikes@example.com</email>
    <age>46</age>
    <city></city>
  </entry>
  <entry>
    <id>3337</id>
    <name>crick</name>
    <email>crick@example.com</email>
    <age>32</age>
    <city></city>
  </entry>
  <entry>
    <id>2961</id>
    <name>Kinney</name>
    <email>Kinney@example.com</email>
    <age>59</age>
    <city></city>
  </entry>
  <entry>
    <id>9733</id>
    <name>fêtes</name>
    <email>fêtes@example.com</email>
    <age>49</age>
    <city></city>
  </entry>
  <entry>
    <id>9447</id>
    <name>trapdoor's</name>
    <email>trapdoor's@example.com</email>
    <age>33</age>
    <city></city>
  </entry>
  <entry>
    <id>1726</id>
    <name>despicable</name>
    <email>despicable@example.com</email>
    <age>45</age>
    <city></city>
  </entry>
  <entry>
    <id>3503</id>
    <name>tollbooth's</name>
    <email>tollbooth's@example.com</email>
    <age>61</age>
    <city></city>
  </entry>
  <entry>
    <id>3767</id>
    <name>standoffs</name>
    <email>standoffs@example.com</email>
    <age>27</age>
    <city></city>
  </entry>
  <entry>
    <id>8946</id>
    <name>archeologists</name>
    <email>archeologists@example.com</email>
    <age>38</age>
    <city></city>
  </entry>
</data>
