<data>
  <entry>
    <id>7320</id>
    <name>Marius's</name>
    <email>Marius's@example.com</email>
    <age>46</age>
    <city></city>
  </entry>
  <entry>
    <id>5409</id>
    <name>festival's</name>
    <email>festival's@example.com</email>
    <age>40</age>
    <city></city>
  </entry>
  <entry>
    <id>5845</id>
    <name>lope's</name>
    <email>lope's@example.com</email>
    <age>56</age>
    <city></city>
  </entry>
  <entry>
    <id>2343</id>
    <name>humanists</name>
    <email>humanists@example.com</email>
    <age>52</age>
    <city></city>
  </entry>
  <entry>
    <id>9811</id>
    <name>star's</name>
    <email>star's@example.com</email>
    <age>56</age>
    <city></city>
  </entry>
  <entry>
    <id>5839</id>
    <name>SO</name>
    <email>SO@example.com</email>
    <age>19</age>
    <city></city>
  </entry>
  <entry>
    <id>3335</id>
    <name>dodo's</name>
    <email>dodo's@example.com</email>
    <age>40</age>
    <city></city>
  </entry>
  <entry>
    <id>10632</id>
    <name>underdog</name>
    <email>underdog@example.com</email>
    <age>40</age>
    <city></city>
  </entry>
  <entry>
    <id>8363</id>
    <name>lilting</name>
    <email>lilting@example.com</email>
    <age>43</age>
    <city></city>
  </entry>
  <entry>
    <id>9482</id>
    <name>malleability's</name>
    <email>malleability's@example.com</email>
    <age>30</age>
    <city></city>
  </entry>
  <entry>
    <id>7945</id>
    <name>Izmir's</name>
    <email>Izmir's@example.com</email>
    <age>19</age>
    <city></city>
  </entry>
  <entry>
    <id>3464</id>
    <name>postponement's</name>
    <email>postponement's@example.com</email>
    <age>46</age>
    <city></city>
  </entry>
  <entry>
    <id>1949</id>
    <name>charter's</name>
    <email>charter's@example.com</email>
    <age>24</age>
    <city></city>
  </entry>
  <entry>
    <id>4211</id>
    <name>sanded</name>
    <email>sanded@example.com</email>
    <age>63</age>
    <city></city>
  </entry>
  <entry>
    <id>9748</id>
    <name>grousing</name>
    <email>grousing@example.com</email>
    <age>50</age>
    <city></city>
  </entry>
  <entry>
    <id>4433</id>
    <name>Popeye's</name>
    <email>Popeye's@example.com</email>
    <age>34</age>
    <city></city>
  </entry>
  <entry>
    <id>6351</id>
    <name>politician's</name>
    <email>politician's@example.com</email>
    <age>57</age>
    <city></city>
  </entry>
  <entry>
    <id>5509</id>
    <name>suburbans</name>
    <email>suburbans@example.com</email>
    <age>64</age>
    <city></city>
  </entry>
  <entry>
    <id>2342</id>
    <name>canvasback</name>
    <email>canvasback@example.com</email>
    <age>27</age>
    <city></city>
  </entry>
  <entry>
    <id>7885</id>
    <name>sculling</name>
    <email>sculling@example.com</email>
    <age>22</age>
    <city></city>
  </entry>
  <entry>
    <id>6255</id>
    <name>kimonos</name>
    <email>kimonos@example.com</email>
    <age>54</age>
    <city></city>
  </entry>
  <entry>
    <id>9422</id>
    <name>Reese</name>
    <email>Reese@example.com</email>
    <age>30</age>
    <city></city>
  </entry>
  <entry>
    <id>7650</id>
    <name>racism's</name>
    <email>racism's@example.com</email>
    <age>60</age>
    <city></city>
  </entry>
  <entry>
    <id>10765</id>
    <name>drilling</name>
    <email>drilling@example.com</email>
    <age>32</age>
    <city></city>
  </entry>
  <entry>
    <id>2700</id>
    <name>silicates</name>
    <email>silicates@example.com</email>
    <age>60</age>
    <city></city>
  </entry>
  <entry>
    <id>8437</id>
    <name>masseuse</name>
    <email>masseuse@example.com</email>
    <age>26</age>
    <city></city>
  </entry>
  <entry>
    <id>1268</id>
    <name>clitoral</name>
    <email>clitoral@example.com</email>
    <age>32</age>
    <city></city>
  </entry>
  <entry>
    <id>10207</id>
    <name>earthlier</name>
    <email>earthlier@example.com</email>
    <age>18</age>
    <city></city>
  </entry>
  <entry>
    <id>2160</id>
    <name>pilgrimage's</name>
    <email>pilgrimage's@example.com</email>
    <age>39</age>
    <city></city>
  </entry>
  <entry>
    <id>9024</id>
    <name>stressed</name>
    <email>stressed@example.com</email>
    <age>34</age>
    <city></city>
  </entry>
  <entry>
    <id>5197</id>
    <name>solidified</name>
    <email>solidified@example.com</email>
    <age>52</age>
    <city></city>
  </entry>
  <entry>
    <id>3077</id>
    <name>dieseled</name>
    <email>dieseled@example.com</email>
    <age>59</age>
    <city></city>
  </entry>
  <entry>
    <id>8518</id>
    <name>asperities</name>
    <email>asperities@example.com</email>
    <age>62</age>
    <city></city>
  </entry>
  <entry>
    <id>3595</id>
    <name>teams</name>
    <email>teams@example.com</email>
    <age>43</age>
    <city></city>
  </entry>
  <entry>
    <id>8714</id>
    <name>distributes</name>
    <email>distributes@example.com</email>
    <age>40</age>
    <city></city>
  </entry>
  <entry>
    <id>2348</id>
    <name>creakiest</name>
    <email>creakiest@example.com</email>
    <age>45</age>
    <city></city>
  </entry>
  <entry>
    <id>6759</id>
    <name>yet</name>
    <email>yet@example.com</email>
    <age>40</age>
    <city></city>
  </entry>
  <entry>
    <id>10457</id>
    <name>Chihuahua's</name>
    <email>Chihuahua's@example.com</email>
    <age>19</age>
    <city></city>
  </entry>
  <entry>
    <id>9979</id>
    <name>Kishinev</name>
    <email>Kishinev@example.com</email>
    <age>42</age>
    <city></city>
  </entry>
  <entry>
    <id>1968</id>
    <name>saints</name>
    <email>saints@example.com</email>
    <age>35</age>
    <city></city>
  </entry>
  <entry>
    <id>1080</id>
    <name>aptness</name>
    <email>aptness@example.com</email>
    <age>56</age>
    <city></city>
  </entry>
  <entry>
    <id>10939</id>
    <name>horrendously</name>
    <email>horrendously@example.com</email>
    <age>34</age>
    <city></city>
  </entry>
  <entry>
    <id>5039</id>
    <name>cinchonas</name>
    <email>cinchonas@example.com</email>
    <age>31</age>
    <city></city>
  </entry>
  <entry>
    <id>2073</id>
    <name>uninspiring</name>
    <email>uninspiring@example.com</email>
    <age>49</age>
    <city></city>
  </entry>
  <entry>
    <id>2550</id>
    <name>fondus</name>
    <email>fondus@example.com</email>
    <age>51</age>
    <city></city>
  </entry>
  <entry>
    <id>9313</id>
    <name>deputizing</name>
    <email>deputizing@example.com</email>
    <age>52</age>
    <city></city>
  </entry>
  <entry>
    <id>4881</id>
    <name>cagey</name>
    <email>cagey@example.com</email>
    <age>18</age>
    <city></city>
  </entry>
  <entry>
    <id>9635</id>
    <name>Bertram</name>
    <email>Bertram@example.com</email>
    <age>58</age>
    <city></city>
  </entry>
  <entry>
    <id>9740</id>
    <name>Trump</name>
    <email>Trump@example.com</email>
    <age>26</age>
    <city></city>
  </entry>
  <entry>
    <id>1030</id>
    <name>contacts</name>
    <email>contacts@example.com</email>
    <age>42</age>
    <city></city>
  </entry>
  <entry>
    <id>3539</id>
    <name>jealously</name>
    <email>jealously@example.com</email>
    <age>21</age>
    <city></city>
  </entry>
  <entry>
    <id>9450</id>
    <name>drowses</name>
    <email>drowses@example.com</email>
    <age>55</age>
    <city></city>
  </entry>
  <entry>
    <id>7188</id>
    <name>occasioned</name>
    <email>occasioned@example.com</email>
    <age>54</age>
    <city></city>
  </entry>
  <entry>
    <id>2881</id>
    <name>confabs</name>
    <email>confabs@example.com</email>
    <age>58</age>
    <city></city>
  </entry>
  <entry>
    <id>3482</id>
    <name>casually</name>
    <email>casually@example.com</email>
    <age>23</age>
    <city></city>
  </entry>
  <entry>
    <id>2766</id>
    <name>jelly's</name>
    <email>jelly's@example.com</email>
    <age>51</age>
    <city></city>
  </entry>
  <entry>
    <id>4005</id>
    <name>craze</name>
    <email>craze@example.com</email>
    <age>21</age>
    <city></city>
  </entry>
  <entry>
    <id>6189</id>
    <name>compute</name>
    <email>compute@example.com</email>
    <age>27</age>
    <city></city>
  </entry>
  <entry>
    <id>3976</id>
    <name>dustpan</name>
    <email>dustpan@example.com</email>
    <age>44</age>
    <city></city>
  </entry>
  <entry>
    <id>10063</id>
    <name>pounced</name>
    <email>pounced@example.com</email>
    <age>40</age>
    <city></city>
  </entry>
  <entry>
    <id>2834</id>
    <name>wildlife</name>
    <email>wildlife@example.com</email>
    <age>49</age>
    <city></city>
  </entry>
  <entry>
    <id>3767</id>
    <name>Carson</name>
    <email>Carson@example.com</email>
    <age>36</age>
    <city></city>
  </entry>
  <entry>
    <id>2481</id>
    <name>deliverance</name>
    <email>deliverance@example.com</email>
    <age>61</age>
    <city></city>
  </entry>
  <entry>
    <id>9453</id>
    <name>Vancouver's</name>
    <email>Vancouver's@example.com</email>
    <age>38</age>
    <city></city>
  </entry>
  <entry>
    <id>2147</id>
    <name>duffers</name>
    <email>duffers@example.com</email>
    <age>45</age>
    <city></city>
  </entry>
  <entry>
    <id>10230</id>
    <name>ably</name>
    <email>ably@example.com</email>
    <age>37</age>
    <city></city>
  </entry>
  <entry>
    <id>9259</id>
    <name>predator</name>
    <email>predator@example.com</email>
    <age>56</age>
    <city></city>
  </entry>
  <entry>
    <id>3121</id>
    <name>California's</name>
    <email>California's@example.com</email>
    <age>28</age>
    <city></city>
  </entry>
  <entry>
    <id>3009</id>
    <name>farthing</name>
    <email>farthing@example.com</email>
    <age>63</age>
    <city></city>
  </entry>
  <entry>
    <id>2926</id>
    <name>oxide's</name>
    <email>oxide's@example.com</email>
    <age>40</age>
    <city></city>
  </entry>
  <entry>
    <id>3700</id>
    <name>pan's</name>
    <email>pan's@example.com</email>
    <age>20</age>
    <city></city>
  </entry>
  <entry>
    <id>6220</id>
    <name>Tajikistan</name>
    <email>Tajikistan@example.com</email>
    <age>62</age>
    <city></city>
  </entry>
  <entry>
    <id>4820</id>
    <name>Edmonton</name>
    <email>Edmonton@example.com</email>
    <age>36</age>
    <city></city>
  </entry>
  <entry>
    <id>2643</id>
    <name>flatfeet</name>
    <email>flatfeet@example.com</email>
    <age>27</age>
    <city></city>
  </entry>
  <entry>
    <id>8439</id>
    <name>thatch's</name>
    <email>thatch's@example.com</email>
    <age>55</age>
    <city></city>
  </entry>
  <entry>
    <id>1641</id>
    <name>Lynette</name>
    <email>Lynette@example.com</email>
    <age>41</age>
    <city></city>
  </entry>
  <entry>
    <id>6308</id>
    <name>ruinously</name>
    <email>ruinously@example.com</email>
    <age>60</age>
    <city></city>
  </entry>
  <entry>
    <id>8856</id>
    <name>adage's</name>
    <email>adage's@example.com</email>
    <age>35</age>
    <city></city>
  </entry>
  <entry>
    <id>3613</id>
    <name>abrupt</name>
    <email>abrupt@example.com</email>
    <age>18</age>
    <city></city>
  </entry>
  <entry>
    <id>7095</id>
    <name>realty's</name>
    <email>realty's@example.com</email>
    <age>61</age>
    <city></city>
  </entry>
  <entry>
    <id>7025</id>
    <name>kneecapping</name>
    <email>kneecapping@example.com</email>
    <age>51</age>
    <city></city>
  </entry>
  <entry>
    <id>2460</id>
    <name>memorialized</name>
    <email>memorialized@example.com</email>
    <age>19</age>
    <city></city>
  </entry>
  <entry>
    <id>3402</id>
    <name>indebted</name>
    <email>indebted@example.com</email>
    <age>43</age>
    <city></city>
  </entry>
  <entry>
    <id>8255</id>
    <name>Kropotkin</name>
    <email>Kropotkin@example.com</email>
    <age>30</age>
    <city></city>
  </entry>
  <entry>
    <id>1114</id>
    <name>cube's</name>
    <email>cube's@example.com</email>
    <age>49</age>
    <city></city>
  </entry>
  <entry>
    <id>4563</id>
    <name>alienating</name>
    <email>alienating@example.com</email>
    <age>27</age>
    <city></city>
  </entry>
  <entry>
    <id>2027</id>
    <name>grafter's</name>
    <email>grafter's@example.com</email>
    <age>49</age>
    <city></city>
  </entry>
  <entry>
    <id>6415</id>
    <name>bruskly</name>
    <email>bruskly@example.com</email>
    <age>52</age>
    <city></city>
  </entry>
  <entry>
    <id>6780</id>
    <name>shooter</name>
    <email>shooter@example.com</email>
    <age>19</age>
    <city></city>
  </entry>
  <entry>
    <id>4279</id>
    <name>licence's</name>
    <email>licence's@example.com</email>
    <age>54</age>
    <city></city>
  </entry>
  <entry>
    <id>10881</id>
    <name>commercial's</name>
    <email>commercial's@example.com</email>
    <age>28</age>
    <city></city>
  </entry>
  <entry>
    <id>1923</id>
    <name>nincompoop</name>
    <email>nincompoop@example.com</email>
    <age>29</age>
    <city></city>
  </entry>
  <entry>
    <id>3129</id>
    <name>flirted</name>
    <email>flirted@example.com</email>
    <age>47</age>
    <city></city>
  </entry>
  <entry>
    <id>9459</id>
    <name>joiners</name>
    <email>joiners@example.com</email>
    <age>34</age>
    <city></city>
  </entry>
  <entry>
    <id>1818</id>
    <name>Buddy</name>
    <email>Buddy@example.com</email>
    <age>62</age>
    <city></city>
  </entry>
  <entry>
    <id>9371</id>
    <name>implied</name>
    <email>implied@example.com</email>
    <age>24</age>
    <city></city>
  </entry>
  <entry>
    <id>10364</id>
    <name>mollify</name>
    <email>mollify@example.com</email>
    <age>42</age>
    <city></city>
  </entry>
  <entry>
    <id>1587</id>
    <name>launching</name>
    <email>launching@example.com</email>
    <age>23</age>
    <city></city>
  </entry>
  <entry>
    <id>10131</id>
    <name>chord</name>
    <email>chord@example.com</email>
    <age>49</age>
    <city></city>
  </entry>
  <entry>
    <id>10869</id>
    <name>Rockne's</name>
    <email>Rockne's@example.com</email>
    <age>63</age>
    <city></city>
  </entry>
  <entry>
    <id>4756</id>
    <name>incongruously</name>
    <email>incongruously@example.com</email>
    <age>31</age>
    <city></city>
  </entry>
  <entry>
    <id>9051</id>
    <name>applause</name>
    <email>applause@example.com</email>
    <age>61</age>
    <city></city>
  </entry>
  <entry>
    <id>1416</id>
    <name>cliff</name>
    <email>cliff@example.com</email>
    <age>57</age>
    <city></city>
  </entry>
  <entry>
    <id>7118</id>
    <name>narrate</name>
    <email>narrate@example.com</email>
    <age>21</age>
    <city></city>
  </entry>
  <entry>
    <id>3240</id>
    <name>nutshells</name>
    <email>nutshells@example.com</email>
    <age>28</age>
    <city></city>
  </entry>
  <entry>
    <id>3889</id>
    <name>Barbour</name>
    <email>Barbour@example.com</email>
    <age>56</age>
    <city></city>
  </entry>
  <entry>
    <id>2234</id>
    <name>stifles</name>
    <email>stifles@example.com</email>
    <age>20</age>
    <city></city>
  </entry>
  <entry>
    <id>1844</id>
    <name>warrior</name>
    <email>warrior@example.com</email>
    <age>55</age>
    <city></city>
  </entry>
  <entry>
    <id>3096</id>
    <name>shadows</name>
    <email>shadows@example.com</email>
    <age>59</age>
    <city></city>
  </entry>
  <entry>
    <id>8418</id>
    <name>insanely</name>
    <email>insanely@example.com</email>
    <age>39</age>
    <city></city>
  </entry>
  <entry>
    <id>2967</id>
    <name>photocopy</name>
    <email>photocopy@example.com</email>
    <age>43</age>
    <city></city>
  </entry>
  <entry>
    <id>8858</id>
    <name>contemplate</name>
    <email>contemplate@example.com</email>
    <age>56</age>
    <city></city>
  </entry>
  <entry>
    <id>4894</id>
    <name>heterodoxy's</name>
    <email>heterodoxy's@example.com</email>
    <age>60</age>
    <city></city>
  </entry>
  <entry>
    <id>10430</id>
    <name>Coleridge</name>
    <email>Coleridge@example.com</email>
    <age>51</age>
    <city></city>
  </entry>
  <entry>
    <id>1228</id>
    <name>blessed</name>
    <email>blessed@example.com</email>
    <age>25</age>
    <city></city>
  </entry>
  <entry>
    <id>6483</id>
    <name>jutted</name>
    <email>jutted@example.com</email>
    <age>57</age>
    <city></city>
  </entry>
  <entry>
    <id>10017</id>
    <name>squanders</name>
    <email>squanders@example.com</email>
    <age>26</age>
    <city></city>
  </entry>
  <entry>
    <id>6982</id>
    <name>bronzes</name>
    <email>bronzes@example.com</email>
    <age>28</age>
    <city></city>
  </entry>
  <entry>
    <id>9782</id>
    <name>Wanamaker's</name>
    <email>Wanamaker's@example.com</email>
    <age>20</age>
    <city></city>
  </entry>
  <entry>
    <id>2425</id>
    <name>letup's</name>
    <email>letup's@example.com</email>
    <age>39</age>
    <city></city>
  </entry>
  <entry>
    <id>7294</id>
    <name>antiperspirant</name>
    <email>antiperspirant@example.com</email>
    <age>52</age>
    <city></city>
  </entry>
  <entry>
    <id>1654</id>
    <name>sailfish's</name>
    <email>sailfish's@example.com</email>
    <age>60</age>
    <city></city>
  </entry>
  <entry>
    <id>2158</id>
    <name>slouched</name>
    <email>slouched@example.com</email>
    <age>62</age>
    <city></city>
  </entry>
  <entry>
    <id>3205</id>
    <name>slogging</name>
    <email>slogging@example.com</email>
    <age>20</age>
    <city></city>
  </entry>
  <entry>
    <id>10936</id>
    <name>porcelain</name>
    <email>porcelain@example.com</email>
    <age>41</age>
    <city></city>
  </entry>
  <entry>
    <id>2580</id>
    <name>saffrons</name>
    <email>saffrons@example.com</email>
    <age>22</age>
    <city></city>
  </entry>
  <entry>
    <id>2885</id>
    <name>gosling's</name>
    <email>gosling's@example.com</email>
    <age>19</age>
    <city></city>
  </entry>
  <entry>
    <id>5285</id>
    <name>profiteering</name>
    <email>profiteering@example.com</email>
    <age>36</age>
    <city></city>
  </entry>
  <entry>
    <id>5577</id>
    <name>ninepins</name>
    <email>ninepins@example.com</email>
    <age>40</age>
    <city></city>
  </entry>
  <entry>
    <id>7286</id>
    <name>informants</name>
    <email>informants@example.com</email>
    <age>43</age>
    <city></city>
  </entry>
  <entry>
    <id>3201</id>
    <name>Smollett</name>
    <email>Smollett@example.com</email>
    <age>38</age>
    <city></city>
  </entry>
  <entry>
    <id>10653</id>
    <name>yack's</name>
    <email>yack's@example.com</email>
    <age>29</age>
    <city></city>
  </entry>
  <entry>
    <id>5692</id>
    <name>witch's</name>
    <email>witch's@example.com</email>
    <age>45</age>
    <city></city>
  </entry>
  <entry>
    <id>1474</id>
    <name>dissimilarities</name>
    <email>dissimilarities@example.com</email>
    <age>40</age>
    <city></city>
  </entry>
  <entry>
    <id>7601</id>
    <name>cottoned</name>
    <email>cottoned@example.com</email>
    <age>24</age>
    <city></city>
  </entry>
  <entry>
    <id>4195</id>
    <name>diagramed</name>
    <email>diagramed@example.com</email>
    <age>40</age>
    <city></city>
  </entry>
  <entry>
    <id>10490</id>
    <name>heist's</name>
    <email>heist's@example.com</email>
    <age>22</age>
    <city></city>
  </entry>
  <entry>
    <id>8980</id>
    <name>newlywed</name>
    <email>newlywed@example.com</email>
    <age>26</age>
    <city></city>
  </entry>
  <entry>
    <id>10473</id>
    <name>Meyerbeer</name>
    <email>Meyerbeer@example.com</email>
    <age>61</age>
    <city></city>
  </entry>
  <entry>
    <id>3652</id>
    <name>MSG</name>
    <email>MSG@example.com</email>
    <age>27</age>
    <city></city>
  </entry>
  <entry>
    <id>5895</id>
    <name>longitude</name>
    <email>longitude@example.com</email>
    <age>19</age>
    <city></city>
  </entry>
  <entry>
    <id>6860</id>
    <name>Kohinoor's</name>
    <email>Kohinoor's@example.com</email>
    <age>28</age>
    <city></city>
  </entry>
  <entry>
    <id>10546</id>
    <name>Mohacs</name>
    <email>Mohacs@example.com</email>
    <age>32</age>
    <city></city>
  </entry>
  <entry>
    <id>6508</id>
    <name>smattering's</name>
    <email>smattering's@example.com</email>
    <age>47</age>
    <city></city>
  </entry>
  <entry>
    <id>1839</id>
    <name>kilobytes</name>
    <email>kilobytes@example.com</email>
    <age>32</age>
    <city></city>
  </entry>
  <entry>
    <id>9131</id>
    <name>mortared</name>
    <email>mortared@example.com</email>
    <age>45</age>
    <city></city>
  </entry>
  <entry>
    <id>8804</id>
    <name>estrangement's</name>
    <email>estrangement's@example.com</email>
    <age>24</age>
    <city></city>
  </entry>
  <entry>
    <id>1465</id>
    <name>Smollett</name>
    <email>Smollett@example.com</email>
    <age>45</age>
    <city></city>
  </entry>
  <entry>
    <id>4859</id>
    <name>philologist</name>
    <email>philologist@example.com</email>
    <age>61</age>
    <city></city>
  </entry>
  <entry>
    <id>7861</id>
    <name>monopolizes</name>
    <email>monopolizes@example.com</email>
    <age>29</age>
    <city></city>
  </entry>
  <entry>
    <id>3067</id>
    <name>cowslip's</name>
    <email>cowslip's@example.com</email>
    <age>33</age>
    <city></city>
  </entry>
  <entry>
    <id>10462</id>
    <name>woes</name>
    <email>woes@example.com</email>
    <age>26</age>
    <city></city>
  </entry>
  <entry>
    <id>6887</id>
    <name>pry's</name>
    <email>pry's@example.com</email>
    <age>28</age>
    <city></city>
  </entry>
  <entry>
    <id>5575</id>
    <name>enigmas</name>
    <email>enigmas@example.com</email>
    <age>55</age>
    <city></city>
  </entry>
  <entry>
    <id>10874</id>
    <name>Andromache</name>
    <email>Andromache@example.com</email>
    <age>43</age>
    <city></city>
  </entry>
  <entry>
    <id>3609</id>
    <name>straits</name>
    <email>straits@example.com</email>
    <age>29</age>
    <city></city>
  </entry>
  <entry>
    <id>9466</id>
    <name>elbowing</name>
    <email>elbowing@example.com</email>
    <age>26</age>
    <city></city>
  </entry>
  <entry>
    <id>8752</id>
    <name>Swazi's</name>
    <email>Swazi's@example.com</email>
    <age>31</age>
    <city></city>
  </entry>
  <entry>
    <id>7801</id>
    <name>Pekingese's</name>
    <email>Pekingese's@example.com</email>
    <age>27</age>
    <city></city>
  </entry>
  <entry>
    <id>5734</id>
    <name>Letitia's</name>
    <email>Letitia's@example.com</email>
    <age>45</age>
    <city></city>
  </entry>
  <entry>
    <id>1129</id>
    <name>oligarchs</name>
    <email>oligarchs@example.com</email>
    <age>49</age>
    <city></city>
  </entry>
  <entry>
    <id>2321</id>
    <name>killings</name>
    <email>killings@example.com</email>
    <age>63</age>
    <city></city>
  </entry>
  <entry>
    <id>3320</id>
    <name>Rivas's</name>
    <email>Rivas's@example.com</email>
    <age>20</age>
    <city></city>
  </entry>
  <entry>
    <id>5798</id>
    <name>declaration's</name>
    <email>declaration's@example.com</email>
    <age>29</age>
    <city></city>
  </entry>
  <entry>
    <id>10234</id>
    <name>waterline's</name>
    <email>waterline's@example.com</email>
    <age>49</age>
    <city></city>
  </entry>
  <entry>
    <id>10844</id>
    <name>Alexander</name>
    <email>Alexander@example.com</email>
    <age>22</age>
    <city></city>
  </entry>
  <entry>
    <id>8565</id>
    <name>sniffle's</name>
    <email>sniffle's@example.com</email>
    <age>64</age>
    <city></city>
  </entry>
  <entry>
    <id>3620</id>
    <name>versified</name>
    <email>versified@example.com</email>
    <age>38</age>
    <city></city>
  </entry>
  <entry>
    <id>3039</id>
    <name>suitability</name>
    <email>suitability@example.com</email>
    <age>27</age>
    <city></city>
  </entry>
  <entry>
    <id>7490</id>
    <name>anklets</name>
    <email>anklets@example.com</email>
    <age>28</age>
    <city></city>
  </entry>
</data>
