id,name,email,age,city
1839,sprucing,sprucing@example.com,38,
2481,plannings,plannings@example.com,36,
9463,taxing,taxing@example.com,33,
2289,sociologist's,sociologist's@example.com,61,
10740,sofas,sofas@example.com,25,
4817,percolator's,percolator's@example.com,34,
6701,implacably,implacably@example.com,54,
2191,Ames,Ames@example.com,36,
4710,rowdyism,rowdyism@example.com,46,
6383,Tut's,Tut's@example.com,29,
10898,Marin's,Marin's@example.com,42,
5847,preamble's,preamble's@example.com,42,
8023,titanium,titanium@example.com,61,
5277,lash,lash@example.com,52,
3258,Muzak's,Muzak's@example.com,31,
7499,park's,park's@example.com,24,
9960,Sextans,Sextans@example.com,25,
6614,darkness,darkness@example.com,19,
5030,stipulates,stipulates@example.com,31,
2751,empires,empires@example.com,24,
3289,beauticians,beauticians@example.com,23,
9095,Amsterdam's,Amsterdam's@example.com,29,
5408,English,English@example.com,18,
9479,cedilla,cedilla@example.com,49,
3568,ply's,ply's@example.com,26,
6369,maintainers,maintainers@example.com,60,
5531,Pierce's,Pierce's@example.com,53,
8886,cranberry's,cranberry's@example.com,23,
10498,chimp's,chimp's@example.com,62,
5678,struggle,struggle@example.com,25,
7912,saleswoman's,saleswoman's@example.com,33,
10250,jeans's,jeans's@example.com,61,
10324,Skylab,Skylab@example.com,62,
6551,welshes,welshes@example.com,51,
8105,unblocked,unblocked@example.com,56,
2905,reproofs,reproofs@example.com,29,
5877,ousted,ousted@example.com,44,
4231,Crimean's,Crimean's@example.com,51,
3364,Cousteau,Cousteau@example.com,48,
8318,emended,emended@example.com,57,
2112,sealer,sealer@example.com,28,
1858,gangster,gangster@example.com,28,
8598,Fm's,Fm's@example.com,57,
8926,widening,widening@example.com,19,
2929,westernizing,westernizing@example.com,19,
3748,novelette,novelette@example.com,55,
9205,Hornblower,Hornblower@example.com,42,
1914,stoppable,stoppable@example.com,60,
2800,lists,lists@example.com,50,
7322,Ghanians,Ghanians@example.com,18,
7339,sabre,sabre@example.com,62,
9741,misunderstood,misunderstood@example.com,27,
3837,Bergen,Bergen@example.com,60,
1942,Planck's,Planck's@example.com,20,
9817,porch,porch@example.com,52,
7069,flatcar's,flatcar's@example.com,42,
1189,clix,clix@example.com,23,
9137,wight,wight@example.com,52,
9906,speedboat's,speedboat's@example.com,61,
2829,cumulus's,cumulus's@example.com,53,
5194,Blondie,Blondie@example.com,40,
7082,diagnosis's,diagnosis's@example.com,29,
6139,cellular's,cellular's@example.com,47,
1186,dalliance's,dalliance's@example.com,20,
9795,wife,wife@example.com,27,
1390,Furtwängler's,Furtwängler's@example.com,25,
6768,calyxes,calyxes@example.com,19,
2263,goal,goal@example.com,39,
3186,Gates's,Gates's@example.com,60,
10432,cripples,cripples@example.com,50,
3403,Ferguson,Ferguson@example.com,62,
4615,depiction,depiction@example.com,41,
5655,watchword,watchword@example.com,22,
2193,leggin,leggin@example.com,60,
2188,borrow,borrow@example.com,50,
7930,buster's,buster's@example.com,18,
9744,galvanometer,galvanometer@example.com,27,
3444,comedowns,comedowns@example.com,59,
1402,heterodoxy,heterodoxy@example.com,51,
3275,Jamestown,Jamestown@example.com,18,
9514,Grenadines,Grenadines@example.com,45,
10827,Hollis's,Hollis's@example.com,24,
8240,cleavage's,cleavage's@example.com,38,
3244,sponger,sponger@example.com,23,
1586,foothold's,foothold's@example.com,25,
6351,plays,plays@example.com,30,
4201,metamorphose,metamorphose@example.com,59,
7613,Tutsi's,Tutsi's@example.com,39,
6138,nontaxable,nontaxable@example.com,50,
7409,irrelevancy,irrelevancy@example.com,32,
10503,molten,molten@example.com,61,
10396,grating's,grating's@example.com,56,
4326,eater's,eater's@example.com,40,
7129,lubed,lubed@example.com,46,
5203,quibbling,quibbling@example.com,35,
2990,sirup's,sirup's@example.com,56,
3450,chiseled,chiseled@example.com,55,
10195,furze,furze@example.com,57,
9387,abed,abed@example.com,26,
4480,reindeers,reindeers@example.com,55,
10414,astonishingly,astonishingly@example.com,64,
8179,overdoses,overdoses@example.com,46,
3261,mooned,mooned@example.com,55,
5764,promenade's,promenade's@example.com,31,
9285,stirrer's,stirrer's@example.com,64,
9889,redistributed,redistributed@example.com,55,
2482,processions,processions@example.com,44,
2083,terrace's,terrace's@example.com,24,
8979,flippantly,flippantly@example.com,31,
8650,simulated,simulated@example.com,27,
10586,curlicues,curlicues@example.com,41,
2198,trapeze's,trapeze's@example.com,25,
10459,U,U@example.com,39,
6237,Armenia,Armenia@example.com,38,
4649,Tao,Tao@example.com,31,
10105,lumberman's,lumberman's@example.com,44,
8145,Bernie's,Bernie's@example.com,56,
6731,indict,indict@example.com,48,
4893,stately,stately@example.com,22,
1741,Lakeland's,Lakeland's@example.com,19,
6722,sextet's,sextet's@example.com,33,
1619,so,so@example.com,64,
9460,whirligig's,whirligig's@example.com,18,
3367,brasses,brasses@example.com,63,
2819,churchman's,churchman's@example.com,29,
6137,solaces,solaces@example.com,47,
10907,discomposure,discomposure@example.com,42,
6661,sturdier,sturdier@example.com,46,
7053,Melville,Melville@example.com,19,
3462,Samoyed,Samoyed@example.com,49,
8021,Catawba,Catawba@example.com,54,
4740,revive,revive@example.com,35,
5383,jiffy,jiffy@example.com,37,
5927,loin's,loin's@example.com,35,
8332,playlist's,playlist's@example.com,24,
10497,pucks,pucks@example.com,49,
8754,allies,allies@example.com,51,
4480,suitable,suitable@example.com,60,
2165,doubter,doubter@example.com,64,
7745,sprightlier,sprightlier@example.com,33,
6541,hamstrings,hamstrings@example.com,52,
3225,hurrahs,hurrahs@example.com,56,
2433,worrier,worrier@example.com,25,
4739,stalling,stalling@example.com,59,
8585,wreathed,wreathed@example.com,36,
6023,leprechaun's,leprechaun's@example.com,44,
9241,sniff,sniff@example.com,39,
2848,Munch's,Munch's@example.com,23,
4394,blindest,blindest@example.com,47,
10233,renouncing,renouncing@example.com,65,
10633,pointlessly,pointlessly@example.com,51,
3346,actresses,actresses@example.com,36,
1147,dale's,dale's@example.com,38,
7220,handbags,handbags@example.com,62,
9058,daily's,daily's@example.com,28,
9927,baubles,baubles@example.com,35,
7547,typeface's,typeface's@example.com,23,
10836,copiously,copiously@example.com,61,
3013,fixture's,fixture's@example.com,32,
9049,speccing,speccing@example.com,42,
9979,jay's,jay's@example.com,33,
1340,clarion's,clarion's@example.com,37,
10061,fen's,fen's@example.com,64,
7048,checklist,checklist@example.com,30,
8093,abolition,abolition@example.com,55,
8532,dweller,dweller@example.com,64,
6582,Whitney's,Whitney's@example.com,43,
8103,taupe's,taupe's@example.com,60,
1902,tricks,tricks@example.com,28,
8199,balmier,balmier@example.com,30,
9749,forbiddings,forbiddings@example.com,51,
1124,freebie's,freebie's@example.com,65,
3340,brazier,brazier@example.com,34,
7018,Abyssinian's,Abyssinian's@example.com,37,
5372,whatchamacallits,whatchamacallits@example.com,42,
5955,criticized,criticized@example.com,63,
10308,lovelier,lovelier@example.com,43,
6235,dampening,dampening@example.com,42,
1062,prequel,prequel@example.com,53,
10298,camped,camped@example.com,41,
4289,isolationist's,isolationist's@example.com,29,
8094,crosspieces,crosspieces@example.com,35,
1692,madras's,madras's@example.com,45,
8331,sentimentally,sentimentally@example.com,51,
8984,contraction's,contraction's@example.com,55,
2422,grebe's,grebe's@example.com,24,
4493,brownie's,brownie's@example.com,33,
