<data>
  <entry>
    <id>10977</id>
    <name>misidentifying</name>
    <email>misidentifying@example.com</email>
    <age>39</age>
    <city></city>
  </entry>
  <entry>
    <id>2978</id>
    <name>denouement's</name>
    <email>denouement's@example.com</email>
    <age>46</age>
    <city></city>
  </entry>
  <entry>
    <id>4774</id>
    <name>shutdown</name>
    <email>shutdown@example.com</email>
    <age>24</age>
    <city></city>
  </entry>
  <entry>
    <id>7682</id>
    <name>drink</name>
    <email>drink@example.com</email>
    <age>43</age>
    <city></city>
  </entry>
  <entry>
    <id>6434</id>
    <name>deliverance's</name>
    <email>deliverance's@example.com</email>
    <age>62</age>
    <city></city>
  </entry>
  <entry>
    <id>1647</id>
    <name>admiration</name>
    <email>admiration@example.com</email>
    <age>29</age>
    <city></city>
  </entry>
  <entry>
    <id>3875</id>
    <name>denoted</name>
    <email>denoted@example.com</email>
    <age>45</age>
    <city></city>
  </entry>
  <entry>
    <id>1251</id>
    <name>unwisest</name>
    <email>unwisest@example.com</email>
    <age>27</age>
    <city></city>
  </entry>
  <entry>
    <id>6532</id>
    <name>delint</name>
    <email>delint@example.com</email>
    <age>52</age>
    <city></city>
  </entry>
  <entry>
    <id>3236</id>
    <name>bumblebee's</name>
    <email>bumblebee's@example.com</email>
    <age>30</age>
    <city></city>
  </entry>
  <entry>
    <id>9882</id>
    <name>unrest's</name>
    <email>unrest's@example.com</email>
    <age>64</age>
    <city></city>
  </entry>
  <entry>
    <id>6621</id>
    <name>rattles</name>
    <email>rattles@example.com</email>
    <age>21</age>
    <city></city>
  </entry>
  <entry>
    <id>6660</id>
    <name>Pecos</name>
    <email>Pecos@example.com</email>
    <age>37</age>
    <city></city>
  </entry>
  <entry>
    <id>4322</id>
    <name>Willy's</name>
    <email>Willy's@example.com</email>
    <age>35</age>
    <city></city>
  </entry>
  <entry>
    <id>1011</id>
    <name>pantheists</name>
    <email>pantheists@example.com</email>
    <age>23</age>
    <city></city>
  </entry>
  <entry>
    <id>5046</id>
    <name>McLeod's</name>
    <email>McLeod's@example.com</email>
    <age>44</age>
    <city></city>
  </entry>
  <entry>
    <id>3676</id>
    <name>toweling</name>
    <email>toweling@example.com</email>
    <age>56</age>
    <city></city>
  </entry>
  <entry>
    <id>8126</id>
    <name>rogers</name>
    <email>rogers@example.com</email>
    <age>55</age>
    <city></city>
  </entry>
  <entry>
    <id>9032</id>
    <name>endure</name>
    <email>endure@example.com</email>
    <age>23</age>
    <city></city>
  </entry>
  <entry>
    <id>2555</id>
    <name>clotheslines</name>
    <email>clotheslines@example.com</email>
    <age>23</age>
    <city></city>
  </entry>
  <entry>
    <id>7957</id>
    <name>unsaddling</name>
    <email>unsaddling@example.com</email>
    <age>57</age>
    <city></city>
  </entry>
  <entry>
    <id>2861</id>
    <name>obtrude</name>
    <email>obtrude@example.com</email>
    <age>45</age>
    <city></city>
  </entry>
  <entry>
    <id>9001</id>
    <name>chimaera</name>
    <email>chimaera@example.com</email>
    <age>39</age>
    <city></city>
  </entry>
  <entry>
    <id>5209</id>
    <name>playlists</name>
    <email>playlists@example.com</email>
    <age>63</age>
    <city></city>
  </entry>
  <entry>
    <id>2599</id>
    <name>ripe</name>
    <email>ripe@example.com</email>
    <age>54</age>
    <city></city>
  </entry>
  <entry>
    <id>2282</id>
    <name>movie's</name>
    <email>movie's@example.com</email>
    <age>41</age>
    <city></city>
  </entry>
  <entry>
    <id>10803</id>
    <name>petticoat's</name>
    <email>petticoat's@example.com</email>
    <age>53</age>
    <city></city>
  </entry>
  <entry>
    <id>3054</id>
    <name>impolitely</name>
    <email>impolitely@example.com</email>
    <age>58</age>
    <city></city>
  </entry>
  <entry>
    <id>9964</id>
    <name>sturgeons</name>
    <email>sturgeons@example.com</email>
    <age>52</age>
    <city></city>
  </entry>
  <entry>
    <id>10140</id>
    <name>monopolized</name>
    <email>monopolized@example.com</email>
    <age>19</age>
    <city></city>
  </entry>
  <entry>
    <id>4113</id>
    <name>storekeeper's</name>
    <email>storekeeper's@example.com</email>
    <age>35</age>
    <city></city>
  </entry>
  <entry>
    <id>3430</id>
    <name>homogeneity's</name>
    <email>homogeneity's@example.com</email>
    <age>38</age>
    <city></city>
  </entry>
  <entry>
    <id>9062</id>
    <name>looking</name>
    <email>looking@example.com</email>
    <age>24</age>
    <city></city>
  </entry>
  <entry>
    <id>4256</id>
    <name>innocent</name>
    <email>innocent@example.com</email>
    <age>56</age>
    <city></city>
  </entry>
  <entry>
    <id>3453</id>
    <name>unsupported</name>
    <email>unsupported@example.com</email>
    <age>48</age>
    <city></city>
  </entry>
  <entry>
    <id>3521</id>
    <name>Chandrasekhar's</name>
    <email>Chandrasekhar's@example.com</email>
    <age>46</age>
    <city></city>
  </entry>
  <entry>
    <id>6472</id>
    <name>chiselled</name>
    <email>chiselled@example.com</email>
    <age>34</age>
    <city></city>
  </entry>
  <entry>
    <id>9913</id>
    <name>autocracy's</name>
    <email>autocracy's@example.com</email>
    <age>55</age>
    <city></city>
  </entry>
  <entry>
    <id>8862</id>
    <name>devoured</name>
    <email>devoured@example.com</email>
    <age>44</age>
    <city></city>
  </entry>
  <entry>
    <id>9573</id>
    <name>Marc</name>
    <email>Marc@example.com</email>
    <age>64</age>
    <city></city>
  </entry>
  <entry>
    <id>2393</id>
    <name>Vesta's</name>
    <email>Vesta's@example.com</email>
    <age>51</age>
    <city></city>
  </entry>
  <entry>
    <id>9331</id>
    <name>symbolic</name>
    <email>symbolic@example.com</email>
    <age>33</age>
    <city></city>
  </entry>
  <entry>
    <id>8568</id>
    <name>alert's</name>
    <email>alert's@example.com</email>
    <age>54</age>
    <city></city>
  </entry>
  <entry>
    <id>6322</id>
    <name>backstabbing</name>
    <email>backstabbing@example.com</email>
    <age>61</age>
    <city></city>
  </entry>
  <entry>
    <id>1485</id>
    <name>schizophrenia</name>
    <email>schizophrenia@example.com</email>
    <age>20</age>
    <city></city>
  </entry>
  <entry>
    <id>5441</id>
    <name>Hebe's</name>
    <email>Hebe's@example.com</email>
    <age>40</age>
    <city></city>
  </entry>
  <entry>
    <id>4176</id>
    <name>Eugene's</name>
    <email>Eugene's@example.com</email>
    <age>25</age>
    <city></city>
  </entry>
  <entry>
    <id>6888</id>
    <name>oho</name>
    <email>oho@example.com</email>
    <age>19</age>
    <city></city>
  </entry>
  <entry>
    <id>4182</id>
    <name>politicize</name>
    <email>politicize@example.com</email>
    <age>59</age>
    <city></city>
  </entry>
  <entry>
    <id>9848</id>
    <name>total's</name>
    <email>total's@example.com</email>
    <age>57</age>
    <city></city>
  </entry>
  <entry>
    <id>5610</id>
    <name>Fotomat</name>
    <email>Fotomat@example.com</email>
    <age>65</age>
    <city></city>
  </entry>
  <entry>
    <id>7998</id>
    <name>mistrustful</name>
    <email>mistrustful@example.com</email>
    <age>45</age>
    <city></city>
  </entry>
  <entry>
    <id>8563</id>
    <name>crisper</name>
    <email>crisper@example.com</email>
    <age>37</age>
    <city></city>
  </entry>
  <entry>
    <id>9512</id>
    <name>salient</name>
    <email>salient@example.com</email>
    <age>49</age>
    <city></city>
  </entry>
  <entry>
    <id>4166</id>
    <name>hatter</name>
    <email>hatter@example.com</email>
    <age>43</age>
    <city></city>
  </entry>
  <entry>
    <id>9854</id>
    <name>instilling</name>
    <email>instilling@example.com</email>
    <age>37</age>
    <city></city>
  </entry>
  <entry>
    <id>1571</id>
    <name>pigmy's</name>
    <email>pigmy's@example.com</email>
    <age>37</age>
    <city></city>
  </entry>
  <entry>
    <id>2457</id>
    <name>politer</name>
    <email>politer@example.com</email>
    <age>54</age>
    <city></city>
  </entry>
  <entry>
    <id>1795</id>
    <name>tiros</name>
    <email>tiros@example.com</email>
    <age>56</age>
    <city></city>
  </entry>
  <entry>
    <id>6616</id>
    <name>rustproof</name>
    <email>rustproof@example.com</email>
    <age>21</age>
    <city></city>
  </entry>
  <entry>
    <id>3049</id>
    <name>cola's</name>
    <email>cola's@example.com</email>
    <age>59</age>
    <city></city>
  </entry>
  <entry>
    <id>6378</id>
    <name>drenching</name>
    <email>drenching@example.com</email>
    <age>20</age>
    <city></city>
  </entry>
  <entry>
    <id>2351</id>
    <name>hindrance</name>
    <email>hindrance@example.com</email>
    <age>52</age>
    <city></city>
  </entry>
  <entry>
    <id>3177</id>
    <name>VHS</name>
    <email>VHS@example.com</email>
    <age>23</age>
    <city></city>
  </entry>
  <entry>
    <id>10014</id>
    <name>blogs</name>
    <email>blogs@example.com</email>
    <age>27</age>
    <city></city>
  </entry>
  <entry>
    <id>3574</id>
    <name>Be's</name>
    <email>Be's@example.com</email>
    <age>26</age>
    <city></city>
  </entry>
  <entry>
    <id>2896</id>
    <name>nudes</name>
    <email>nudes@example.com</email>
    <age>49</age>
    <city></city>
  </entry>
  <entry>
    <id>4054</id>
    <name>wattage</name>
    <email>wattage@example.com</email>
    <age>36</age>
    <city></city>
  </entry>
  <entry>
    <id>8570</id>
    <name>shovels</name>
    <email>shovels@example.com</email>
    <age>46</age>
    <city></city>
  </entry>
  <entry>
    <id>1536</id>
    <name>glamourizes</name>
    <email>glamourizes@example.com</email>
    <age>36</age>
    <city></city>
  </entry>
  <entry>
    <id>5979</id>
    <name>acidic</name>
    <email>acidic@example.com</email>
    <age>58</age>
    <city></city>
  </entry>
  <entry>
    <id>9136</id>
    <name>Grady</name>
    <email>Grady@example.com</email>
    <age>21</age>
    <city></city>
  </entry>
  <entry>
    <id>9293</id>
    <name>sauce's</name>
    <email>sauce's@example.com</email>
    <age>34</age>
    <city></city>
  </entry>
  <entry>
    <id>9451</id>
    <name>scalded</name>
    <email>scalded@example.com</email>
    <age>21</age>
    <city></city>
  </entry>
  <entry>
    <id>6665</id>
    <name>playbill's</name>
    <email>playbill's@example.com</email>
    <age>26</age>
    <city></city>
  </entry>
  <entry>
    <id>8354</id>
    <name>girlishly</name>
    <email>girlishly@example.com</email>
    <age>33</age>
    <city></city>
  </entry>
  <entry>
    <id>7772</id>
    <name>Yahweh</name>
    <email>Yahweh@example.com</email>
    <age>49</age>
    <city></city>
  </entry>
  <entry>
    <id>7887</id>
    <name>Clinton's</name>
    <email>Clinton's@example.com</email>
    <age>30</age>
    <city></city>
  </entry>
  <entry>
    <id>5615</id>
    <name>overdress's</name>
    <email>overdress's@example.com</email>
    <age>57</age>
    <city></city>
  </entry>
  <entry>
    <id>6794</id>
    <name>pastorates</name>
    <email>pastorates@example.com</email>
    <age>23</age>
    <city></city>
  </entry>
  <entry>
    <id>7825</id>
    <name>smoothness</name>
    <email>smoothness@example.com</email>
    <age>42</age>
    <city></city>
  </entry>
  <entry>
    <id>4917</id>
    <name>snorkeling</name>
    <email>snorkeling@example.com</email>
    <age>47</age>
    <city></city>
  </entry>
  <entry>
    <id>4616</id>
    <name>dun's</name>
    <email>dun's@example.com</email>
    <age>40</age>
    <city></city>
  </entry>
  <entry>
    <id>2294</id>
    <name>cubist</name>
    <email>cubist@example.com</email>
    <age>22</age>
    <city></city>
  </entry>
  <entry>
    <id>8492</id>
    <name>commodes</name>
    <email>commodes@example.com</email>
    <age>37</age>
    <city></city>
  </entry>
  <entry>
    <id>6138</id>
    <name>balladeer's</name>
    <email>balladeer's@example.com</email>
    <age>52</age>
    <city></city>
  </entry>
  <entry>
    <id>8773</id>
    <name>cogitated</name>
    <email>cogitated@example.com</email>
    <age>40</age>
    <city></city>
  </entry>
  <entry>
    <id>4473</id>
    <name>prows</name>
    <email>prows@example.com</email>
    <age>42</age>
    <city></city>
  </entry>
  <entry>
    <id>1312</id>
    <name>voraciously</name>
    <email>voraciously@example.com</email>
    <age>46</age>
    <city></city>
  </entry>
  <entry>
    <id>10403</id>
    <name>rainbows</name>
    <email>rainbows@example.com</email>
    <age>62</age>
    <city></city>
  </entry>
  <entry>
    <id>2401</id>
    <name>toddling</name>
    <email>toddling@example.com</email>
    <age>34</age>
    <city></city>
  </entry>
  <entry>
    <id>10919</id>
    <name>osprey</name>
    <email>osprey@example.com</email>
    <age>25</age>
    <city></city>
  </entry>
  <entry>
    <id>8305</id>
    <name>sank</name>
    <email>sank@example.com</email>
    <age>27</age>
    <city></city>
  </entry>
  <entry>
    <id>9171</id>
    <name>body</name>
    <email>body@example.com</email>
    <age>18</age>
    <city></city>
  </entry>
  <entry>
    <id>3325</id>
    <name>GIF</name>
    <email>GIF@example.com</email>
    <age>41</age>
    <city></city>
  </entry>
  <entry>
    <id>3138</id>
    <name>Zanuck's</name>
    <email>Zanuck's@example.com</email>
    <age>34</age>
    <city></city>
  </entry>
  <entry>
    <id>7919</id>
    <name>sires</name>
    <email>sires@example.com</email>
    <age>28</age>
    <city></city>
  </entry>
  <entry>
    <id>1405</id>
    <name>plighted</name>
    <email>plighted@example.com</email>
    <age>28</age>
    <city></city>
  </entry>
  <entry>
    <id>6727</id>
    <name>TELNETTed</name>
    <email>TELNETTed@example.com</email>
    <age>29</age>
    <city></city>
  </entry>
  <entry>
    <id>3252</id>
    <name>fructose's</name>
    <email>fructose's@example.com</email>
    <age>30</age>
    <city></city>
  </entry>
  <entry>
    <id>2415</id>
    <name>basting</name>
    <email>basting@example.com</email>
    <age>41</age>
    <city></city>
  </entry>
  <entry>
    <id>9271</id>
    <name>radius</name>
    <email>radius@example.com</email>
    <age>48</age>
    <city></city>
  </entry>
  <entry>
    <id>2156</id>
    <name>half's</name>
    <email>half's@example.com</email>
    <age>41</age>
    <city></city>
  </entry>
  <entry>
    <id>2613</id>
    <name>tarps</name>
    <email>tarps@example.com</email>
    <age>54</age>
    <city></city>
  </entry>
  <entry>
    <id>6833</id>
    <name>abstractness's</name>
    <email>abstractness's@example.com</email>
    <age>52</age>
    <city></city>
  </entry>
  <entry>
    <id>2041</id>
    <name>successively</name>
    <email>successively@example.com</email>
    <age>50</age>
    <city></city>
  </entry>
  <entry>
    <id>4426</id>
    <name>sloppily</name>
    <email>sloppily@example.com</email>
    <age>23</age>
    <city></city>
  </entry>
  <entry>
    <id>1978</id>
    <name>brinksmanship's</name>
    <email>brinksmanship's@example.com</email>
    <age>48</age>
    <city></city>
  </entry>
  <entry>
    <id>4452</id>
    <name>cinch's</name>
    <email>cinch's@example.com</email>
    <age>57</age>
    <city></city>
  </entry>
  <entry>
    <id>3753</id>
    <name>requital's</name>
    <email>requital's@example.com</email>
    <age>42</age>
    <city></city>
  </entry>
  <entry>
    <id>3373</id>
    <name>morphology's</name>
    <email>morphology's@example.com</email>
    <age>20</age>
    <city></city>
  </entry>
  <entry>
    <id>10382</id>
    <name>legislatures</name>
    <email>legislatures@example.com</email>
    <age>18</age>
    <city></city>
  </entry>
  <entry>
    <id>9901</id>
    <name>benefactor's</name>
    <email>benefactor's@example.com</email>
    <age>61</age>
    <city></city>
  </entry>
  <entry>
    <id>5938</id>
    <name>stinking</name>
    <email>stinking@example.com</email>
    <age>51</age>
    <city></city>
  </entry>
  <entry>
    <id>8718</id>
    <name>assemblywoman</name>
    <email>assemblywoman@example.com</email>
    <age>57</age>
    <city></city>
  </entry>
  <entry>
    <id>10380</id>
    <name>thous</name>
    <email>thous@example.com</email>
    <age>38</age>
    <city></city>
  </entry>
  <entry>
    <id>7631</id>
    <name>sixths</name>
    <email>sixths@example.com</email>
    <age>63</age>
    <city></city>
  </entry>
  <entry>
    <id>2891</id>
    <name>Ferber</name>
    <email>Ferber@example.com</email>
    <age>58</age>
    <city></city>
  </entry>
  <entry>
    <id>5734</id>
    <name>Vargas's</name>
    <email>Vargas's@example.com</email>
    <age>35</age>
    <city></city>
  </entry>
  <entry>
    <id>6124</id>
    <name>martial</name>
    <email>martial@example.com</email>
    <age>19</age>
    <city></city>
  </entry>
  <entry>
    <id>7998</id>
    <name>shunted</name>
    <email>shunted@example.com</email>
    <age>29</age>
    <city></city>
  </entry>
  <entry>
    <id>8597</id>
    <name>bossiness</name>
    <email>bossiness@example.com</email>
    <age>21</age>
    <city></city>
  </entry>
  <entry>
    <id>7217</id>
    <name>B</name>
    <email>B@example.com</email>
    <age>61</age>
    <city></city>
  </entry>
  <entry>
    <id>2170</id>
    <name>Houston's</name>
    <email>Houston's@example.com</email>
    <age>34</age>
    <city></city>
  </entry>
  <entry>
    <id>9124</id>
    <name>Tim</name>
    <email>Tim@example.com</email>
    <age>44</age>
    <city></city>
  </entry>
  <entry>
    <id>3666</id>
    <name>Karina</name>
    <email>Karina@example.com</email>
    <age>26</age>
    <city></city>
  </entry>
  <entry>
    <id>4488</id>
    <name>Cerenkov</name>
    <email>Cerenkov@example.com</email>
    <age>20</age>
    <city></city>
  </entry>
  <entry>
    <id>1459</id>
    <name>Knapp</name>
    <email>Knapp@example.com</email>
    <age>44</age>
    <city></city>
  </entry>
  <entry>
    <id>7341</id>
    <name>accessibility</name>
    <email>accessibility@example.com</email>
    <age>63</age>
    <city></city>
  </entry>
  <entry>
    <id>6488</id>
    <name>networking</name>
    <email>networking@example.com</email>
    <age>19</age>
    <city></city>
  </entry>
  <entry>
    <id>3645</id>
    <name>woodcarving</name>
    <email>woodcarving@example.com</email>
    <age>18</age>
    <city></city>
  </entry>
  <entry>
    <id>2432</id>
    <name>Liberia</name>
    <email>Liberia@example.com</email>
    <age>50</age>
    <city></city>
  </entry>
  <entry>
    <id>10762</id>
    <name>dictation's</name>
    <email>dictation's@example.com</email>
    <age>23</age>
    <city></city>
  </entry>
  <entry>
    <id>5208</id>
    <name>opulence</name>
    <email>opulence@example.com</email>
    <age>48</age>
    <city></city>
  </entry>
  <entry>
    <id>5159</id>
    <name>conspiratorial</name>
    <email>conspiratorial@example.com</email>
    <age>45</age>
    <city></city>
  </entry>
  <entry>
    <id>1169</id>
    <name>Liberians</name>
    <email>Liberians@example.com</email>
    <age>50</age>
    <city></city>
  </entry>
  <entry>
    <id>10946</id>
    <name>bawled</name>
    <email>bawled@example.com</email>
    <age>29</age>
    <city></city>
  </entry>
  <entry>
    <id>6448</id>
    <name>Medford's</name>
    <email>Medford's@example.com</email>
    <age>50</age>
    <city></city>
  </entry>
  <entry>
    <id>2040</id>
    <name>Dirk's</name>
    <email>Dirk's@example.com</email>
    <age>52</age>
    <city></city>
  </entry>
  <entry>
    <id>3333</id>
    <name>denuding</name>
    <email>denuding@example.com</email>
    <age>29</age>
    <city></city>
  </entry>
  <entry>
    <id>6819</id>
    <name>alining</name>
    <email>alining@example.com</email>
    <age>30</age>
    <city></city>
  </entry>
  <entry>
    <id>8354</id>
    <name>proton's</name>
    <email>proton's@example.com</email>
    <age>26</age>
    <city></city>
  </entry>
</data>
