[
  {"id": 6990, "name": "expenditure", "email": "expenditure@example.com", "age": 49, "city": ""},
  {"id": 4615, "name": "wisher", "email": "wisher@example.com", "age": 30, "city": ""},
  {"id": 5975, "name": "Alpine's", "email": "Alpine's@example.com", "age": 47, "city": ""},
  {"id": 2661, "name": "viewpoint's", "email": "viewpoint's@example.com", "age": 38, "city": ""},
  {"id": 2586, "name": "Grendel", "email": "Grendel@example.com", "age": 28, "city": ""},
  {"id": 6347, "name": "sheiks", "email": "sheiks@example.com", "age": 20, "city": ""},
  {"id": 10877, "name": "garner", "email": "garner@example.com", "age": 18, "city": ""},
  {"id": 8498, "name": "dieresis's", "email": "dieresis's@example.com", "age": 49, "city": ""},
  {"id": 1307, "name": "lowering", "email": "lowering@example.com", "age": 29, "city": ""},
  {"id": 6632, "name": "treble", "email": "treble@example.com", "age": 32, "city": ""},
  {"id": 1428, "name": "jury", "email": "jury@example.com", "age": 20, "city": ""},
  {"id": 3935, "name": "router", "email": "router@example.com", "age": 35, "city": ""},
  {"id": 8771, "name": "tutelage's", "email": "tutelage's@example.com", "age": 54, "city": ""},
  {"id": 6381, "name": "routs", "email": "routs@example.com", "age": 50, "city": ""},
  {"id": 9506, "name": "sealant's", "email": "sealant's@example.com", "age": 56, "city": ""},
  {"id": 6422, "name": "Guadeloupe", "email": "Guadeloupe@example.com", "age": 44, "city": ""},
  {"id": 10865, "name": "mute", "email": "mute@example.com", "age": 50, "city": ""},
  {"id": 4813, "name": "Dunedin's", "email": "Dunedin's@example.com", "age": 42, "city": ""},
  {"id": 3711, "name": "prudent", "email": "prudent@example.com", "age": 57, "city": ""},
  {"id": 6606, "name": "Branden's", "email": "Branden's@example.com", "age": 41, "city": ""},
  {"id": 8024, "name": "Anchorage", "email": "Anchorage@example.com", "age": 38, "city": ""},
  {"id": 7063, "name": "waterworks", "email": "waterworks@example.com", "age": 62, "city": ""},
  {"id": 8496, "name": "jettisoned", "email": "jettisoned@example.com", "age": 28, "city": ""},
  {"id": 3895, "name": "burglarizing", "email": "burglarizing@example.com", "age": 21, "city": ""},
  {"id": 1779, "name": "for", "email": "for@example.com", "age": 20, "city": ""},
  {"id": 1306, "name": "pummelled", "email": "pummelled@example.com", "age": 54, "city": ""},
  {"id": 4645, "name": "haler", "email": "haler@example.com", "age": 22, "city": ""},
  {"id": 1490, "name": "sulfates", "email": "sulfates@example.com", "age": 51, "city": ""},
  {"id": 10757, "name": "discouragingly", "email": "discouragingly@example.com", "age": 39, "city": ""},
  {"id": 5246, "name": "Motorola's", "email": "Motorola's@example.com", "age": 52, "city": ""},
  {"id": 6339, "name": "overlies", "email": "overlies@example.com", "age": 23, "city": ""},
  {"id": 1156, "name": "hindering", "email": "hindering@example.com", "age": 53, "city": ""},
  {"id": 3455, "name": "debriefing", "email": "debriefing@example.com", "age": 56, "city": ""},
  {"id": 4121, "name": "flyover", "email": "flyover@example.com", "age": 49, "city": ""},
  {"id": 6135, "name": "Piedmont", "email": "Piedmont@example.com", "age": 38, "city": ""},
  {"id": 2517, "name": "tot's", "email": "tot's@example.com", "age": 56, "city": ""},
  {"id": 6764, "name": "blushed", "email": "blushed@example.com", "age": 37, "city": ""},
  {"id": 7646, "name": "incisors", "email": "incisors@example.com", "age": 65, "city": ""},
  {"id": 6094, "name": "Lidia", "email": "Lidia@example.com", "age": 22, "city": ""},
  {"id": 3057, "name": "butcher's", "email": "butcher's@example.com", "age": 52, "city": ""},
  {"id": 5292, "name": "sapsucker", "email": "sapsucker@example.com", "age": 56, "city": ""},
  {"id": 1743, "name": "jackhammer's", "email": "jackhammer's@example.com", "age": 41, "city": ""},
  {"id": 9701, "name": "mountaineer's", "email": "mountaineer's@example.com", "age": 35, "city": ""},
  {"id": 5206, "name": "gamble's", "email": "gamble's@example.com", "age": 38, "city": ""},
  {"id": 6128, "name": "Styx's", "email": "Styx's@example.com", "age": 31, "city": ""},
  {"id": 2938, "name": "heckles", "email": "heckles@example.com", "age": 65, "city": ""},
  {"id": 1081, "name": "lamb's", "email": "lamb's@example.com", "age": 53, "city": ""},
  {"id": 7282, "name": "circlet's", "email": "circlet's@example.com", "age": 56, "city": ""},
  {"id": 3966, "name": "plasma's", "email": "plasma's@example.com", "age": 20, "city": ""},
  {"id": 2591, "name": "latte", "email": "latte@example.com", "age": 57, "city": ""},
  {"id": 6144, "name": "cricket", "email": "cricket@example.com", "age": 45, "city": ""},
  {"id": 4771, "name": "afflicted", "email": "afflicted@example.com", "age": 37, "city": ""},
  {"id": 9045, "name": "editorship", "email": "editorship@example.com", "age": 43, "city": ""},
  {"id": 3648, "name": "Semtex", "email": "Semtex@example.com", "age": 25, "city": ""},
  {"id": 6941, "name": "stabs", "email": "stabs@example.com", "age": 55, "city": ""},
  {"id": 1538, "name": "sulkiness", "email": "sulkiness@example.com", "age": 41, "city": ""},
  {"id": 5256, "name": "conjurer's", "email": "conjurer's@example.com", "age": 33, "city": ""},
  {"id": 7567, "name": "Al", "email": "Al@example.com", "age": 30, "city": ""},
  {"id": 3933, "name": "maroons", "email": "maroons@example.com", "age": 52, "city": ""},
  {"id": 5969, "name": "Chippewa", "email": "Chippewa@example.com", "age": 31, "city": ""},
  {"id": 5562, "name": "Britannic's", "email": "Britannic's@example.com", "age": 33, "city": ""},
  {"id": 10730, "name": "patches", "email": "patches@example.com", "age": 32, "city": ""},
  {"id": 1476, "name": "clobber", "email": "clobber@example.com", "age": 18, "city": ""},
  {"id": 4450, "name": "flambes", "email": "flambes@example.com", "age": 34, "city": ""},
  {"id": 7710, "name": "scroll", "email": "scroll@example.com", "age": 60, "city": ""},
  {"id": 7666, "name": "finny", "email": "finny@example.com", "age": 49, "city": ""},
  {"id": 10033, "name": "Frankfort's", "email": "Frankfort's@example.com", "age": 37, "city": ""},
  {"id": 5983, "name": "Medan's", "email": "Medan's@example.com", "age": 25, "city": ""},
  {"id": 5912, "name": "dislikes", "email": "dislikes@example.com", "age": 22, "city": ""},
  {"id": 8553, "name": "berg's", "email": "berg's@example.com", "age": 37, "city": ""},
  {"id": 9483, "name": "friendships", "email": "friendships@example.com", "age": 53, "city": ""},
  {"id": 2644, "name": "paved", "email": "paved@example.com", "age": 57, "city": ""},
  {"id": 8300, "name": "slab", "email": "slab@example.com", "age": 20, "city": ""},
  {"id": 3149, "name": "Riley's", "email": "Riley's@example.com", "age": 38, "city": ""},
  {"id": 7521, "name": "spitefully", "email": "spitefully@example.com", "age": 65, "city": ""},
  {"id": 3928, "name": "Bangalore", "email": "Bangalore@example.com", "age": 39, "city": ""},
  {"id": 2396, "name": "spoonbills", "email": "spoonbills@example.com", "age": 30, "city": ""},
  {"id": 10214, "name": "pulping", "email": "pulping@example.com", "age": 54, "city": ""},
  {"id": 7846, "name": "overkill", "email": "overkill@example.com", "age": 38, "city": ""},
  {"id": 7396, "name": "accredit", "email": "accredit@example.com", "age": 60, "city": ""},
  {"id": 5763, "name": "quadrangles", "email": "quadrangles@example.com", "age": 37, "city": ""},
  {"id": 9069, "name": "tarantulas", "email": "tarantulas@example.com", "age": 37, "city": ""},
  {"id": 9696, "name": "Algonquin's", "email": "Algonquin's@example.com", "age": 57, "city": ""},
  {"id": 9903, "name": "quadrangle's", "email": "quadrangle's@example.com", "age": 35, "city": ""},
  {"id": 4638, "name": "loutish", "email": "loutish@example.com", "age": 21, "city": ""},
  {"id": 9409, "name": "d'Estaing", "email": "d'Estaing@example.com", "age": 58, "city": ""},
  {"id": 4672, "name": "advanced", "email": "advanced@example.com", "age": 62, "city": ""},
  {"id": 2591, "name": "quarreled", "email": "quarreled@example.com", "age": 49, "city": ""},
  {"id": 7396, "name": "reiterate", "email": "reiterate@example.com", "age": 52, "city": ""},
  {"id": 7538, "name": "cuss's", "email": "cuss's@example.com", "age": 22, "city": ""},
  {"id": 5792, "name": "curlicues", "email": "curlicues@example.com", "age": 32, "city": ""},
  {"id": 6454, "name": "flu's", "email": "flu's@example.com", "age": 33, "city": ""},
  {"id": 8741, "name": "buttermilk", "email": "buttermilk@example.com", "age": 50, "city": ""},
  {"id": 2953, "name": "mythologies", "email": "mythologies@example.com", "age": 47, "city": ""},
  {"id": 3482, "name": "trimming's", "email": "trimming's@example.com", "age": 33, "city": ""},
  {"id": 8958, "name": "Babylonian's", "email": "Babylonian's@example.com", "age": 65, "city": ""},
  {"id": 2068, "name": "entrenchment's", "email": "entrenchment's@example.com", "age": 18, "city": ""},
  {"id": 2374, "name": "housekeepers", "email": "housekeepers@example.com", "age": 47, "city": ""},
  {"id": 3553, "name": "crocks", "email": "crocks@example.com", "age": 36, "city": ""},
  {"id": 5644, "name": "Syracuse's", "email": "Syracuse's@example.com", "age": 64, "city": ""},
  {"id": 6515, "name": "cranky", "email": "cranky@example.com", "age": 46, "city": ""},
  {"id": 8647, "name": "blammo", "email": "blammo@example.com", "age": 49, "city": ""},
  {"id": 2470, "name": "wades", "email": "wades@example.com", "age": 33, "city": ""},
  {"id": 5204, "name": "Sabbath", "email": "Sabbath@example.com", "age": 18, "city": ""},
  {"id": 10429, "name": "factor's", "email": "factor's@example.com", "age": 49, "city": ""},
  {"id": 1304, "name": "centennial", "email": "centennial@example.com", "age": 52, "city": ""},
  {"id": 8830, "name": "ocean's", "email": "ocean's@example.com", "age": 36, "city": ""},
  {"id": 10840, "name": "flit", "email": "flit@example.com", "age": 19, "city": ""},
  {"id": 4049, "name": "sampan", "email": "sampan@example.com", "age": 32, "city": ""},
  {"id": 2606, "name": "irrecoverable", "email": "irrecoverable@example.com", "age": 30, "city": ""},
  {"id": 10731, "name": "lumberyard", "email": "lumberyard@example.com", "age": 47, "city": ""},
  {"id": 1238, "name": "Milford", "email": "Milford@example.com", "age": 34, "city": ""},
  {"id": 1659, "name": "ignorantly", "email": "ignorantly@example.com", "age": 56, "city": ""},
  {"id": 5034, "name": "accident", "email": "accident@example.com", "age": 28, "city": ""},
  {"id": 10289, "name": "FAQs", "email": "FAQs@example.com", "age": 39, "city": ""},
  {"id": 1360, "name": "wholly", "email": "wholly@example.com", "age": 36, "city": ""},
  {"id": 1056, "name": "benevolences", "email": "benevolences@example.com", "age": 32, "city": ""},
  {"id": 9712, "name": "vampire", "email": "vampire@example.com", "age": 61, "city": ""},
  {"id": 1712, "name": "grit", "email": "grit@example.com", "age": 40, "city": ""},
  {"id": 1929, "name": "Saskatchewan", "email": "Saskatchewan@example.com", "age": 32, "city": ""},
  {"id": 1673, "name": "giantess", "email": "giantess@example.com", "age": 44, "city": ""},
  {"id": 9569, "name": "afterthought's", "email": "afterthought's@example.com", "age": 36, "city": ""},
  {"id": 7619, "name": "embodiment's", "email": "embodiment's@example.com", "age": 44, "city": ""},
  {"id": 7462, "name": "minored", "email": "minored@example.com", "age": 20, "city": ""}
]
