<data>
  <entry>
    <id>5470</id>
    <name>Collins</name>
    <email>Collins@example.com</email>
    <age>26</age>
    <city></city>
  </entry>
  <entry>
    <id>9808</id>
    <name>Brandi's</name>
    <email>Brandi's@example.com</email>
    <age>46</age>
    <city></city>
  </entry>
  <entry>
    <id>2848</id>
    <name>laddies</name>
    <email>laddies@example.com</email>
    <age>64</age>
    <city></city>
  </entry>
  <entry>
    <id>10457</id>
    <name>mothering</name>
    <email>mothering@example.com</email>
    <age>54</age>
    <city></city>
  </entry>
  <entry>
    <id>6375</id>
    <name>snuffing</name>
    <email>snuffing@example.com</email>
    <age>19</age>
    <city></city>
  </entry>
  <entry>
    <id>4054</id>
    <name>habituating</name>
    <email>habituating@example.com</email>
    <age>42</age>
    <city></city>
  </entry>
  <entry>
    <id>4547</id>
    <name>proctor</name>
    <email>proctor@example.com</email>
    <age>50</age>
    <city></city>
  </entry>
  <entry>
    <id>4358</id>
    <name>Jamal</name>
    <email>Jamal@example.com</email>
    <age>61</age>
    <city></city>
  </entry>
  <entry>
    <id>8828</id>
    <name>neigh's</name>
    <email>neigh's@example.com</email>
    <age>63</age>
    <city></city>
  </entry>
  <entry>
    <id>4113</id>
    <name>Plantagenet's</name>
    <email>Plantagenet's@example.com</email>
    <age>50</age>
    <city></city>
  </entry>
  <entry>
    <id>4624</id>
    <name>succumbing</name>
    <email>succumbing@example.com</email>
    <age>47</age>
    <city></city>
  </entry>
  <entry>
    <id>4897</id>
    <name>reunifying</name>
    <email>reunifying@example.com</email>
    <age>34</age>
    <city></city>
  </entry>
  <entry>
    <id>2760</id>
    <name>delinquency</name>
    <email>delinquency@example.com</email>
    <age>64</age>
    <city></city>
  </entry>
  <entry>
    <id>7225</id>
    <name>pronouncement</name>
    <email>pronouncement@example.com</email>
    <age>34</age>
    <city></city>
  </entry>
  <entry>
    <id>9998</id>
    <name>Menuhin</name>
    <email>Menuhin@example.com</email>
    <age>40</age>
    <city></city>
  </entry>
  <entry>
    <id>4021</id>
    <name>demagnetized</name>
    <email>demagnetized@example.com</email>
    <age>27</age>
    <city></city>
  </entry>
  <entry>
    <id>3607</id>
    <name>vise</name>
    <email>vise@example.com</email>
    <age>50</age>
    <city></city>
  </entry>
  <entry>
    <id>10328</id>
    <name>veterans</name>
    <email>veterans@example.com</email>
    <age>30</age>
    <city></city>
  </entry>
  <entry>
    <id>7061</id>
    <name>fibber</name>
    <email>fibber@example.com</email>
    <age>47</age>
    <city></city>
  </entry>
  <entry>
    <id>8679</id>
    <name>ace's</name>
    <email>ace's@example.com</email>
    <age>51</age>
    <city></city>
  </entry>
  <entry>
    <id>3956</id>
    <name>teargas's</name>
    <email>teargas's@example.com</email>
    <age>65</age>
    <city></city>
  </entry>
  <entry>
    <id>8663</id>
    <name>Rankin</name>
    <email>Rankin@example.com</email>
    <age>19</age>
    <city></city>
  </entry>
  <entry>
    <id>1429</id>
    <name>releases</name>
    <email>releases@example.com</email>
    <age>30</age>
    <city></city>
  </entry>
  <entry>
    <id>7873</id>
    <name>farmers</name>
    <email>farmers@example.com</email>
    <age>59</age>
    <city></city>
  </entry>
  <entry>
    <id>8360</id>
    <name>entrées</name>
    <email>entrées@example.com</email>
    <age>39</age>
    <city></city>
  </entry>
  <entry>
    <id>10188</id>
    <name>Olduvai</name>
    <email>Olduvai@example.com</email>
    <age>30</age>
    <city></city>
  </entry>
  <entry>
    <id>1356</id>
    <name>dilly's</name>
    <email>dilly's@example.com</email>
    <age>48</age>
    <city></city>
  </entry>
  <entry>
    <id>2764</id>
    <name>Devi</name>
    <email>Devi@example.com</email>
    <age>41</age>
    <city></city>
  </entry>
  <entry>
    <id>6940</id>
    <name>musket</name>
    <email>musket@example.com</email>
    <age>59</age>
    <city></city>
  </entry>
  <entry>
    <id>9015</id>
    <name>salary's</name>
    <email>salary's@example.com</email>
    <age>65</age>
    <city></city>
  </entry>
  <entry>
    <id>7953</id>
    <name>boons</name>
    <email>boons@example.com</email>
    <age>31</age>
    <city></city>
  </entry>
  <entry>
    <id>7384</id>
    <name>stealth</name>
    <email>stealth@example.com</email>
    <age>58</age>
    <city></city>
  </entry>
  <entry>
    <id>4404</id>
    <name>Ural's</name>
    <email>Ural's@example.com</email>
    <age>40</age>
    <city></city>
  </entry>
  <entry>
    <id>7494</id>
    <name>parliamentary</name>
    <email>parliamentary@example.com</email>
    <age>42</age>
    <city></city>
  </entry>
  <entry>
    <id>9797</id>
    <name>flamenco's</name>
    <email>flamenco's@example.com</email>
    <age>46</age>
    <city></city>
  </entry>
  <entry>
    <id>5238</id>
    <name>Khazar</name>
    <email>Khazar@example.com</email>
    <age>53</age>
    <city></city>
  </entry>
  <entry>
    <id>4734</id>
    <name>aeons</name>
    <email>aeons@example.com</email>
    <age>52</age>
    <city></city>
  </entry>
  <entry>
    <id>8949</id>
    <name>cognizance's</name>
    <email>cognizance's@example.com</email>
    <age>65</age>
    <city></city>
  </entry>
  <entry>
    <id>2950</id>
    <name>sincerity</name>
    <email>sincerity@example.com</email>
    <age>25</age>
    <city></city>
  </entry>
  <entry>
    <id>5125</id>
    <name>repudiate</name>
    <email>repudiate@example.com</email>
    <age>50</age>
    <city></city>
  </entry>
  <entry>
    <id>7236</id>
    <name>ratio</name>
    <email>ratio@example.com</email>
    <age>64</age>
    <city></city>
  </entry>
  <entry>
    <id>8066</id>
    <name>reproductive</name>
    <email>reproductive@example.com</email>
    <age>23</age>
    <city></city>
  </entry>
  <entry>
    <id>2717</id>
    <name>Toyoda's</name>
    <email>Toyoda's@example.com</email>
    <age>58</age>
    <city></city>
  </entry>
  <entry>
    <id>1537</id>
    <name>marshmallow's</name>
    <email>marshmallow's@example.com</email>
    <age>56</age>
    <city></city>
  </entry>
  <entry>
    <id>2725</id>
    <name>Visa's</name>
    <email>Visa's@example.com</email>
    <age>59</age>
    <city></city>
  </entry>
  <entry>
    <id>9095</id>
    <name>offense</name>
    <email>offense@example.com</email>
    <age>37</age>
    <city></city>
  </entry>
  <entry>
    <id>6802</id>
    <name>textbook</name>
    <email>textbook@example.com</email>
    <age>35</age>
    <city></city>
  </entry>
  <entry>
    <id>1838</id>
    <name>utopian's</name>
    <email>utopian's@example.com</email>
    <age>51</age>
    <city></city>
  </entry>
  <entry>
    <id>2471</id>
    <name>correctly</name>
    <email>correctly@example.com</email>
    <age>61</age>
    <city></city>
  </entry>
  <entry>
    <id>3585</id>
    <name>Milagros</name>
    <email>Milagros@example.com</email>
    <age>49</age>
    <city></city>
  </entry>
  <entry>
    <id>8947</id>
    <name>reverends</name>
    <email>reverends@example.com</email>
    <age>62</age>
    <city></city>
  </entry>
  <entry>
    <id>4436</id>
    <name>fishnet</name>
    <email>fishnet@example.com</email>
    <age>41</age>
    <city></city>
  </entry>
  <entry>
    <id>10999</id>
    <name>disapprobation's</name>
    <email>disapprobation's@example.com</email>
    <age>64</age>
    <city></city>
  </entry>
  <entry>
    <id>10496</id>
    <name>effrontery's</name>
    <email>effrontery's@example.com</email>
    <age>53</age>
    <city></city>
  </entry>
  <entry>
    <id>9554</id>
    <name>musket's</name>
    <email>musket's@example.com</email>
    <age>57</age>
    <city></city>
  </entry>
  <entry>
    <id>6559</id>
    <name>sailboat's</name>
    <email>sailboat's@example.com</email>
    <age>35</age>
    <city></city>
  </entry>
  <entry>
    <id>6712</id>
    <name>marihuana's</name>
    <email>marihuana's@example.com</email>
    <age>31</age>
    <city></city>
  </entry>
  <entry>
    <id>8415</id>
    <name>shipmate's</name>
    <email>shipmate's@example.com</email>
    <age>25</age>
    <city></city>
  </entry>
  <entry>
    <id>3260</id>
    <name>Mandingo's</name>
    <email>Mandingo's@example.com</email>
    <age>42</age>
    <city></city>
  </entry>
  <entry>
    <id>7320</id>
    <name>deviated</name>
    <email>deviated@example.com</email>
    <age>65</age>
    <city></city>
  </entry>
  <entry>
    <id>9797</id>
    <name>naught</name>
    <email>naught@example.com</email>
    <age>20</age>
    <city></city>
  </entry>
  <entry>
    <id>2176</id>
    <name>plectra</name>
    <email>plectra@example.com</email>
    <age>45</age>
    <city></city>
  </entry>
  <entry>
    <id>8506</id>
    <name>Newark's</name>
    <email>Newark's@example.com</email>
    <age>42</age>
    <city></city>
  </entry>
  <entry>
    <id>10192</id>
    <name>cowering</name>
    <email>cowering@example.com</email>
    <age>43</age>
    <city></city>
  </entry>
  <entry>
    <id>6508</id>
    <name>metrically</name>
    <email>metrically@example.com</email>
    <age>42</age>
    <city></city>
  </entry>
  <entry>
    <id>8079</id>
    <name>corrector</name>
    <email>corrector@example.com</email>
    <age>64</age>
    <city></city>
  </entry>
  <entry>
    <id>7608</id>
    <name>steeds</name>
    <email>steeds@example.com</email>
    <age>65</age>
    <city></city>
  </entry>
  <entry>
    <id>6350</id>
    <name>dowager</name>
    <email>dowager@example.com</email>
    <age>18</age>
    <city></city>
  </entry>
  <entry>
    <id>2896</id>
    <name>Purcell's</name>
    <email>Purcell's@example.com</email>
    <age>43</age>
    <city></city>
  </entry>
  <entry>
    <id>9636</id>
    <name>residencies</name>
    <email>residencies@example.com</email>
    <age>65</age>
    <city></city>
  </entry>
  <entry>
    <id>6653</id>
    <name>ouch</name>
    <email>ouch@example.com</email>
    <age>40</age>
    <city></city>
  </entry>
  <entry>
    <id>7420</id>
    <name>configured</name>
    <email>configured@example.com</email>
    <age>50</age>
    <city></city>
  </entry>
  <entry>
    <id>9233</id>
    <name>enlivened</name>
    <email>enlivened@example.com</email>
    <age>64</age>
    <city></city>
  </entry>
  <entry>
    <id>1083</id>
    <name>spiciest</name>
    <email>spiciest@example.com</email>
    <age>41</age>
    <city></city>
  </entry>
  <entry>
    <id>3934</id>
    <name>lee's</name>
    <email>lee's@example.com</email>
    <age>39</age>
    <city></city>
  </entry>
  <entry>
    <id>8196</id>
    <name>mayflower</name>
    <email>mayflower@example.com</email>
    <age>32</age>
    <city></city>
  </entry>
  <entry>
    <id>3002</id>
    <name>Biscay's</name>
    <email>Biscay's@example.com</email>
    <age>45</age>
    <city></city>
  </entry>
  <entry>
    <id>2389</id>
    <name>skateboarders</name>
    <email>skateboarders@example.com</email>
    <age>62</age>
    <city></city>
  </entry>
  <entry>
    <id>9261</id>
    <name>pirouetted</name>
    <email>pirouetted@example.com</email>
    <age>21</age>
    <city></city>
  </entry>
  <entry>
    <id>1569</id>
    <name>terser</name>
    <email>terser@example.com</email>
    <age>40</age>
    <city></city>
  </entry>
  <entry>
    <id>9349</id>
    <name>worst's</name>
    <email>worst's@example.com</email>
    <age>24</age>
    <city></city>
  </entry>
  <entry>
    <id>2550</id>
    <name>immoveable</name>
    <email>immoveable@example.com</email>
    <age>29</age>
    <city></city>
  </entry>
  <entry>
    <id>6580</id>
    <name>pinky</name>
    <email>pinky@example.com</email>
    <age>25</age>
    <city></city>
  </entry>
  <entry>
    <id>2908</id>
    <name>mystifies</name>
    <email>mystifies@example.com</email>
    <age>62</age>
    <city></city>
  </entry>
  <entry>
    <id>3662</id>
    <name>officeholders</name>
    <email>officeholders@example.com</email>
    <age>35</age>
    <city></city>
  </entry>
  <entry>
    <id>3403</id>
    <name>lurching</name>
    <email>lurching@example.com</email>
    <age>30</age>
    <city></city>
  </entry>
  <entry>
    <id>1672</id>
    <name>comers</name>
    <email>comers@example.com</email>
    <age>33</age>
    <city></city>
  </entry>
  <entry>
    <id>1794</id>
    <name>shrubbier</name>
    <email>shrubbier@example.com</email>
    <age>22</age>
    <city></city>
  </entry>
  <entry>
    <id>4226</id>
    <name>tension's</name>
    <email>tension's@example.com</email>
    <age>21</age>
    <city></city>
  </entry>
  <entry>
    <id>3178</id>
    <name>howitzer</name>
    <email>howitzer@example.com</email>
    <age>42</age>
    <city></city>
  </entry>
  <entry>
    <id>5171</id>
    <name>computed</name>
    <email>computed@example.com</email>
    <age>31</age>
    <city></city>
  </entry>
  <entry>
    <id>10966</id>
    <name>Irishwoman's</name>
    <email>Irishwoman's@example.com</email>
    <age>19</age>
    <city></city>
  </entry>
  <entry>
    <id>1382</id>
    <name>confirmed</name>
    <email>confirmed@example.com</email>
    <age>30</age>
    <city></city>
  </entry>
  <entry>
    <id>4124</id>
    <name>exhuming</name>
    <email>exhuming@example.com</email>
    <age>33</age>
    <city></city>
  </entry>
  <entry>
    <id>10738</id>
    <name>anathemas</name>
    <email>anathemas@example.com</email>
    <age>36</age>
    <city></city>
  </entry>
  <entry>
    <id>3055</id>
    <name>dillydallies</name>
    <email>dillydallies@example.com</email>
    <age>55</age>
    <city></city>
  </entry>
  <entry>
    <id>9803</id>
    <name>peonage's</name>
    <email>peonage's@example.com</email>
    <age>46</age>
    <city></city>
  </entry>
  <entry>
    <id>7356</id>
    <name>spoonful's</name>
    <email>spoonful's@example.com</email>
    <age>63</age>
    <city></city>
  </entry>
  <entry>
    <id>3222</id>
    <name>Boers</name>
    <email>Boers@example.com</email>
    <age>41</age>
    <city></city>
  </entry>
  <entry>
    <id>1845</id>
    <name>propels</name>
    <email>propels@example.com</email>
    <age>59</age>
    <city></city>
  </entry>
  <entry>
    <id>5177</id>
    <name>liquidators</name>
    <email>liquidators@example.com</email>
    <age>43</age>
    <city></city>
  </entry>
  <entry>
    <id>10617</id>
    <name>responsibility</name>
    <email>responsibility@example.com</email>
    <age>20</age>
    <city></city>
  </entry>
</data>
