[
  {"id": 4641, "name": "forwarding", "email": "forwarding@example.com", "age": 59, "city": ""},
  {"id": 3784, "name": "carbons", "email": "carbons@example.com", "age": 45, "city": ""},
  {"id": 6472, "name": "deceased", "email": "deceased@example.com", "age": 41, "city": ""},
  {"id": 8362, "name": "cowardice", "email": "cowardice@example.com", "age": 21, "city": ""},
  {"id": 9459, "name": "adventure's", "email": "adventure's@example.com", "age": 26, "city": ""},
  {"id": 3800, "name": "chamomile's", "email": "chamomile's@example.com", "age": 37, "city": ""},
  {"id": 7910, "name": "blow", "email": "blow@example.com", "age": 56, "city": ""},
  {"id": 3858, "name": "legionnaires", "email": "legionnaires@example.com", "age": 31, "city": ""},
  {"id": 2606, "name": "Leger", "email": "Leger@example.com", "age": 23, "city": ""},
  {"id": 6483, "name": "Cline", "email": "Cline@example.com", "age": 63, "city": ""},
  {"id": 10576, "name": "miracles", "email": "miracles@example.com", "age": 56, "city": ""},
  {"id": 2635, "name": "connive", "email": "connive@example.com", "age": 54, "city": ""},
  {"id": 1606, "name": "incombustible", "email": "incombustible@example.com", "age": 56, "city": ""},
  {"id": 5402, "name": "Felix's", "email": "Felix's@example.com", "age": 63, "city": ""},
  {"id": 10963, "name": "Brazos", "email": "Brazos@example.com", "age": 45, "city": ""},
  {"id": 5837, "name": "chlorinate", "email": "chlorinate@example.com", "age": 21, "city": ""},
  {"id": 9426, "name": "sickening", "email": "sickening@example.com", "age": 22, "city": ""},
  {"id": 9231, "name": "junk's", "email": "junk's@example.com", "age": 54, "city": ""},
  {"id": 10349, "name": "refutation", "email": "refutation@example.com", "age": 25, "city": ""},
  {"id": 2829, "name": "stylistic", "email": "stylistic@example.com", "age": 18, "city": ""},
  {"id": 7990, "name": "Kelley", "email": "Kelley@example.com", "age": 29, "city": ""},
  {"id": 6369, "name": "Han", "email": "Han@example.com", "age": 52, "city": ""},
  {"id": 7992, "name": "disconcerted", "email": "disconcerted@example.com", "age": 32, "city": ""},
  {"id": 8779, "name": "umlauts", "email": "umlauts@example.com", "age": 29, "city": ""},
  {"id": 7343, "name": "Alar", "email": "Alar@example.com", "age": 18, "city": ""},
  {"id": 7587, "name": "Cuvier's", "email": "Cuvier's@example.com", "age": 37, "city": ""},
  {"id": 3428, "name": "Fidel", "email": "Fidel@example.com", "age": 21, "city": ""},
  {"id": 5076, "name": "subtitle", "email": "subtitle@example.com", "age": 42, "city": ""},
  {"id": 1620, "name": "beneficiaries", "email": "beneficiaries@example.com", "age": 18, "city": ""},
  {"id": 3601, "name": "Dniester", "email": "Dniester@example.com", "age": 28, "city": ""},
  {"id": 8023, "name": "crumble", "email": "crumble@example.com", "age": 50, "city": ""},
  {"id": 9593, "name": "tenderfoots", "email": "tenderfoots@example.com", "age": 40, "city": ""},
  {"id": 2283, "name": "Jerrod", "email": "Jerrod@example.com", "age": 20, "city": ""},
  {"id": 3015, "name": "ovation's", "email": "ovation's@example.com", "age": 34, "city": ""},
  {"id": 8800, "name": "craftier", "email": "craftier@example.com", "age": 55, "city": ""},
  {"id": 10664, "name": "synagogues", "email": "synagogues@example.com", "age": 44, "city": ""},
  {"id": 4048, "name": "tachometers", "email": "tachometers@example.com", "age": 32, "city": ""},
  {"id": 10350, "name": "Gypsy's", "email": "Gypsy's@example.com", "age": 61, "city": ""},
  {"id": 1624, "name": "Netscape's", "email": "Netscape's@example.com", "age": 44, "city": ""},
  {"id": 4929, "name": "kingdom", "email": "kingdom@example.com", "age": 21, "city": ""},
  {"id": 7136, "name": "chairlifts", "email": "chairlifts@example.com", "age": 46, "city": ""},
  {"id": 7289, "name": "Godot's", "email": "Godot's@example.com", "age": 44, "city": ""},
  {"id": 7823, "name": "aviary's", "email": "aviary's@example.com", "age": 64, "city": ""},
  {"id": 8896, "name": "snowballed", "email": "snowballed@example.com", "age": 33, "city": ""},
  {"id": 5047, "name": "volunteered", "email": "volunteered@example.com", "age": 45, "city": ""},
  {"id": 2105, "name": "micrometer", "email": "micrometer@example.com", "age": 63, "city": ""},
  {"id": 5671, "name": "recoups", "email": "recoups@example.com", "age": 27, "city": ""},
  {"id": 10020, "name": "mahjong", "email": "mahjong@example.com", "age": 60, "city": ""},
  {"id": 2255, "name": "Mercia's", "email": "Mercia's@example.com", "age": 18, "city": ""},
  {"id": 8053, "name": "wrist's", "email": "wrist's@example.com", "age": 49, "city": ""},
  {"id": 5051, "name": "medication's", "email": "medication's@example.com", "age": 25, "city": ""},
  {"id": 4251, "name": "millrace's", "email": "millrace's@example.com", "age": 25, "city": ""},
  {"id": 5264, "name": "NCO", "email": "NCO@example.com", "age": 31, "city": ""},
  {"id": 7236, "name": "stooges", "email": "stooges@example.com", "age": 60, "city": ""},
  {"id": 7700, "name": "nonpayment's", "email": "nonpayment's@example.com", "age": 61, "city": ""},
  {"id": 4316, "name": "aftermath", "email": "aftermath@example.com", "age": 30, "city": ""},
  {"id": 5003, "name": "nacre", "email": "nacre@example.com", "age": 31, "city": ""},
  {"id": 8513, "name": "Bisquick", "email": "Bisquick@example.com", "age": 32, "city": ""},
  {"id": 2840, "name": "bullring's", "email": "bullring's@example.com", "age": 42, "city": ""},
  {"id": 7665, "name": "sorcerer", "email": "sorcerer@example.com", "age": 22, "city": ""},
  {"id": 3170, "name": "wormy", "email": "wormy@example.com", "age": 59, "city": ""},
  {"id": 3848, "name": "mechanics", "email": "mechanics@example.com", "age": 65, "city": ""},
  {"id": 7731, "name": "perihelia", "email": "perihelia@example.com", "age": 46, "city": ""},
  {"id": 3982, "name": "commissariat's", "email": "commissariat's@example.com", "age": 43, "city": ""},
  {"id": 3604, "name": "simulcast", "email": "simulcast@example.com", "age": 58, "city": ""}
]
