[
  {"id": 3290, "name": "dyspeptics", "email": "dyspeptics@example.com", "age": 39, "city": ""},
  {"id": 5981, "name": "creator's", "email": "creator's@example.com", "age": 18, "city": ""},
  {"id": 10176, "name": "Dunn's", "email": "Dunn's@example.com", "age": 65, "city": ""},
  {"id": 10186, "name": "HBO's", "email": "HBO's@example.com", "age": 21, "city": ""},
  {"id": 2760, "name": "pshaw's", "email": "pshaw's@example.com", "age": 46, "city": ""},
  {"id": 5273, "name": "Kmart", "email": "Kmart@example.com", "age": 60, "city": ""},
  {"id": 3270, "name": "lops", "email": "lops@example.com", "age": 55, "city": ""},
  {"id": 10527, "name": "sectarians", "email": "sectarians@example.com", "age": 26, "city": ""},
  {"id": 9023, "name": "overbooking", "email": "overbooking@example.com", "age": 47, "city": ""},
  {"id": 6302, "name": "Samoset", "email": "Samoset@example.com", "age": 54, "city": ""},
  {"id": 4213, "name": "pipeline", "email": "pipeline@example.com", "age": 48, "city": ""},
  {"id": 2423, "name": "Leviticus's", "email": "Leviticus's@example.com", "age": 54, "city": ""},
  {"id": 6301, "name": "shinning", "email": "shinning@example.com", "age": 30, "city": ""},
  {"id": 8765, "name": "insecticides", "email": "insecticides@example.com", "age": 57, "city": ""},
  {"id": 5972, "name": "allegories", "email": "allegories@example.com", "age": 52, "city": ""},
  {"id": 10212, "name": "guard", "email": "guard@example.com", "age": 21, "city": ""},
  {"id": 9636, "name": "dives", "email": "dives@example.com", "age": 38, "city": ""},
  {"id": 3208, "name": "Pinocchio's", "email": "Pinocchio's@example.com", "age": 38, "city": ""},
  {"id": 9648, "name": "auspiciousness", "email": "auspiciousness@example.com", "age": 65, "city": ""},
  {"id": 1891, "name": "detaches", "email": "detaches@example.com", "age": 61, "city": ""},
  {"id": 3551, "name": "Munoz's", "email": "Munoz's@example.com", "age": 33, "city": ""},
  {"id": 9107, "name": "clingy", "email": "clingy@example.com", "age": 49, "city": ""},
  {"id": 7192, "name": "principled", "email": "principled@example.com", "age": 42, "city": ""},
  {"id": 9927, "name": "recanted", "email": "recanted@example.com", "age": 20, "city": ""},
  {"id": 3597, "name": "clarified", "email": "clarified@example.com", "age": 29, "city": ""},
  {"id": 1912, "name": "sinkable", "email": "sinkable@example.com", "age": 55, "city": ""},
  {"id": 2796, "name": "stooge's", "email": "stooge's@example.com", "age": 23, "city": ""},
  {"id": 1456, "name": "locavore", "email": "locavore@example.com", "age": 31, "city": ""},
  {"id": 9278, "name": "watchword's", "email": "watchword's@example.com", "age": 29, "city": ""},
  {"id": 2187, "name": "mesmerized", "email": "mesmerized@example.com", "age": 44, "city": ""},
  {"id": 5362, "name": "riddance", "email": "riddance@example.com", "age": 31, "city": ""},
  {"id": 7916, "name": "sauciness", "email": "sauciness@example.com", "age": 33, "city": ""},
  {"id": 3380, "name": "hordes", "email": "hordes@example.com", "age": 34, "city": ""},
  {"id": 3878, "name": "tramp's", "email": "tramp's@example.com", "age": 56, "city": ""},
  {"id": 8206, "name": "Mubarak", "email": "Mubarak@example.com", "age": 26, "city": ""},
  {"id": 3297, "name": "gargle's", "email": "gargle's@example.com", "age": 40, "city": ""},
  {"id": 4593, "name": "neck's", "email": "neck's@example.com", "age": 30, "city": ""},
  {"id": 2131, "name": "tingled", "email": "tingled@example.com", "age": 53, "city": ""},
  {"id": 9381, "name": "Anzac", "email": "Anzac@example.com", "age": 57, "city": ""},
  {"id": 4720, "name": "tallness", "email": "tallness@example.com", "age": 22, "city": ""},
  {"id": 3854, "name": "ethics's", "email": "ethics's@example.com", "age": 22, "city": ""},
  {"id": 7024, "name": "perjured", "email": "perjured@example.com", "age": 20, "city": ""},
  {"id": 8478, "name": "reminds", "email": "reminds@example.com", "age": 63, "city": ""},
  {"id": 10529, "name": "bigoted", "email": "bigoted@example.com", "age": 34, "city": ""},
  {"id": 10169, "name": "movements", "email": "movements@example.com", "age": 60, "city": ""},
  {"id": 5104, "name": "bedside's", "email": "bedside's@example.com", "age": 34, "city": ""},
  {"id": 9772, "name": "modals", "email": "modals@example.com", "age": 47, "city": ""},
  {"id": 3153, "name": "trickery's", "email": "trickery's@example.com", "age": 52, "city": ""},
  {"id": 2614, "name": "pyromaniac's", "email": "pyromaniac's@example.com", "age": 33, "city": ""},
  {"id": 5395, "name": "suspender's", "email": "suspender's@example.com", "age": 64, "city": ""},
  {"id": 8955, "name": "ensign", "email": "ensign@example.com", "age": 26, "city": ""},
  {"id": 1097, "name": "percale", "email": "percale@example.com", "age": 65, "city": ""},
  {"id": 6329, "name": "pasta", "email": "pasta@example.com", "age": 54, "city": ""},
  {"id": 1680, "name": "acknowledged", "email": "acknowledged@example.com", "age": 23, "city": ""},
  {"id": 4577, "name": "Jacques's", "email": "Jacques's@example.com", "age": 27, "city": ""},
  {"id": 4545, "name": "boxes", "email": "boxes@example.com", "age": 40, "city": ""},
  {"id": 3468, "name": "instants", "email": "instants@example.com", "age": 53, "city": ""},
  {"id": 5618, "name": "Gromyko", "email": "Gromyko@example.com", "age": 28, "city": ""},
  {"id": 8511, "name": "sidebar's", "email": "sidebar's@example.com", "age": 55, "city": ""},
  {"id": 3087, "name": "trite", "email": "trite@example.com", "age": 33, "city": ""},
  {"id": 9480, "name": "Mylars", "email": "Mylars@example.com", "age": 65, "city": ""},
  {"id": 1950, "name": "adman", "email": "adman@example.com", "age": 21, "city": ""},
  {"id": 7220, "name": "expense", "email": "expense@example.com", "age": 39, "city": ""},
  {"id": 6995, "name": "peter", "email": "peter@example.com", "age": 20, "city": ""},
  {"id": 1559, "name": "womanish", "email": "womanish@example.com", "age": 26, "city": ""},
  {"id": 6125, "name": "infiltration", "email": "infiltration@example.com", "age": 65, "city": ""},
  {"id": 2987, "name": "livens", "email": "livens@example.com", "age": 21, "city": ""},
  {"id": 5418, "name": "concerted", "email": "concerted@example.com", "age": 20, "city": ""},
  {"id": 5571, "name": "crucibles", "email": "crucibles@example.com", "age": 45, "city": ""},
  {"id": 2815, "name": "cargos", "email": "cargos@example.com", "age": 42, "city": ""},
  {"id": 1987, "name": "naturalizes", "email": "naturalizes@example.com", "age": 20, "city": ""},
  {"id": 8591, "name": "spiritualist", "email": "spiritualist@example.com", "age": 47, "city": ""},
  {"id": 7981, "name": "easy", "email": "easy@example.com", "age": 50, "city": ""},
  {"id": 10124, "name": "defoliation", "email": "defoliation@example.com", "age": 48, "city": ""},
  {"id": 9939, "name": "windward", "email": "windward@example.com", "age": 19, "city": ""},
  {"id": 8806, "name": "Rourke's", "email": "Rourke's@example.com", "age": 36, "city": ""},
  {"id": 2001, "name": "read", "email": "read@example.com", "age": 37, "city": ""},
  {"id": 8840, "name": "retrenching", "email": "retrenching@example.com", "age": 62, "city": ""},
  {"id": 5989, "name": "Dominique's", "email": "Dominique's@example.com", "age": 57, "city": ""},
  {"id": 1729, "name": "iconoclast's", "email": "iconoclast's@example.com", "age": 39, "city": ""},
  {"id": 8423, "name": "liter", "email": "liter@example.com", "age": 30, "city": ""},
  {"id": 2111, "name": "prodigality's", "email": "prodigality's@example.com", "age": 32, "city": ""},
  {"id": 3270, "name": "minimize", "email": "minimize@example.com", "age": 43, "city": ""},
  {"id": 9184, "name": "hilltop's", "email": "hilltop's@example.com", "age": 33, "city": ""},
  {"id": 3137, "name": "chafe", "email": "chafe@example.com", "age": 30, "city": ""},
  {"id": 6644, "name": "Davis's", "email": "Davis's@example.com", "age": 47, "city": ""},
  {"id": 1015, "name": "Shenyang's", "email": "Shenyang's@example.com", "age": 35, "city": ""},
  {"id": 1134, "name": "focussing", "email": "focussing@example.com", "age": 43, "city": ""},
  {"id": 2538, "name": "shin", "email": "shin@example.com", "age": 53, "city": ""},
  {"id": 5203, "name": "capitols", "email": "capitols@example.com", "age": 32, "city": ""},
  {"id": 3555, "name": "Daniel", "email": "Daniel@example.com", "age": 54, "city": ""},
  {"id": 7530, "name": "japanning", "email": "japanning@example.com", "age": 41, "city": ""},
  {"id": 1306, "name": "tambourine's", "email": "tambourine's@example.com", "age": 51, "city": ""},
  {"id": 8444, "name": "layman's", "email": "layman's@example.com", "age": 24, "city": ""},
  {"id": 8467, "name": "squeegee", "email": "squeegee@example.com", "age": 37, "city": ""},
  {"id": 1038, "name": "rebelliousness", "email": "rebelliousness@example.com", "age": 57, "city": ""},
  {"id": 3514, "name": "flattop", "email": "flattop@example.com", "age": 58, "city": ""},
  {"id": 7530, "name": "scintilla", "email": "scintilla@example.com", "age": 19, "city": ""},
  {"id": 3046, "name": "ecumenically", "email": "ecumenically@example.com", "age": 38, "city": ""},
  {"id": 10423, "name": "alternately", "email": "alternately@example.com", "age": 54, "city": ""},
  {"id": 6030, "name": "counterbalance", "email": "counterbalance@example.com", "age": 57, "city": ""},
  {"id": 2163, "name": "conciseness's", "email": "conciseness's@example.com", "age": 31, "city": ""},
  {"id": 5174, "name": "vindictive", "email": "vindictive@example.com", "age": 60, "city": ""},
  {"id": 3592, "name": "choked", "email": "choked@example.com", "age": 48, "city": ""},
  {"id": 1037, "name": "swerve's", "email": "swerve's@example.com", "age": 18, "city": ""},
  {"id": 10387, "name": "Potts", "email": "Potts@example.com", "age": 21, "city": ""},
  {"id": 9673, "name": "breadths", "email": "breadths@example.com", "age": 36, "city": ""},
  {"id": 2947, "name": "suggester", "email": "suggester@example.com", "age": 56, "city": ""},
  {"id": 2152, "name": "darns", "email": "darns@example.com", "age": 58, "city": ""},
  {"id": 8857, "name": "concessionaires", "email": "concessionaires@example.com", "age": 43, "city": ""},
  {"id": 2634, "name": "disregard's", "email": "disregard's@example.com", "age": 55, "city": ""},
  {"id": 10738, "name": "umber's", "email": "umber's@example.com", "age": 46, "city": ""},
  {"id": 5407, "name": "discomposure", "email": "discomposure@example.com", "age": 47, "city": ""},
  {"id": 4521, "name": "curvaceous", "email": "curvaceous@example.com", "age": 64, "city": ""},
  {"id": 7486, "name": "religion", "email": "religion@example.com", "age": 27, "city": ""},
  {"id": 4059, "name": "bungle's", "email": "bungle's@example.com", "age": 38, "city": ""},
  {"id": 8349, "name": "microbe's", "email": "microbe's@example.com", "age": 43, "city": ""},
  {"id": 2860, "name": "cohabited", "email": "cohabited@example.com", "age": 58, "city": ""},
  {"id": 2294, "name": "burglary", "email": "burglary@example.com", "age": 50, "city": ""},
  {"id": 2894, "name": "extolling", "email": "extolling@example.com", "age": 36, "city": ""},
  {"id": 2730, "name": "rogues", "email": "rogues@example.com", "age": 22, "city": ""},
  {"id": 8478, "name": "meatloaves", "email": "meatloaves@example.com", "age": 47, "city": ""}
]
