id,name,email,age,city
2860,unrepeatable,unrepeatable@example.com,38,
6525,pontificates,pontificates@example.com,62,
8380,reassessment's,reassessment's@example.com,20,
2322,whys,whys@example.com,27,
8903,broiling,broiling@example.com,59,
10278,veneers,veneers@example.com,57,
4926,ultimatum,ultimatum@example.com,50,
6160,halfpennies,halfpennies@example.com,60,
6875,Jahangir,Jahangir@example.com,18,
7973,vernal,vernal@example.com,36,
1241,Sahel,Sahel@example.com,34,
10892,coronas,coronas@example.com,39,
5467,eatery,eatery@example.com,54,
6032,democratizes,democratizes@example.com,52,
7894,Nestorius's,Nestorius's@example.com,46,
2649,tentacle,tentacle@example.com,52,
6471,moderate,moderate@example.com,63,
7297,plowed,plowed@example.com,34,
4878,drywall,drywall@example.com,61,
4046,securing,securing@example.com,41,
1464,dishonesty,dishonesty@example.com,45,
10395,ladyfinger,ladyfinger@example.com,30,
7222,pawned,pawned@example.com,25,
10456,Calvin,Calvin@example.com,38,
1397,popping,popping@example.com,47,
5547,March's,March's@example.com,59,
1321,vouch,vouch@example.com,39,
2699,Borlaug's,Borlaug's@example.com,24,
7806,sentimentalizing,sentimentalizing@example.com,53,
7526,razing,razing@example.com,58,
4791,blanks,blanks@example.com,64,
4581,jostle's,jostle's@example.com,37,
5661,freezing,freezing@example.com,49,
9172,flag,flag@example.com,25,
3084,Heidegger,Heidegger@example.com,50,
10253,procreation's,procreation's@example.com,25,
4760,sympathetically,sympathetically@example.com,43,
1796,logoff,logoff@example.com,51,
7721,forfeit,forfeit@example.com,33,
10917,sacking's,sacking's@example.com,47,
3502,peritoneum,peritoneum@example.com,19,
1335,skying,skying@example.com,36,
8468,sandwiched,sandwiched@example.com,25,
5354,earbud,earbud@example.com,34,
2037,deplete,deplete@example.com,27,
1756,Singleton's,Singleton's@example.com,32,
7807,bass,bass@example.com,55,
1171,reeving,reeving@example.com,43,
1376,prizefights,prizefights@example.com,60,
8434,Assisi's,Assisi's@example.com,52,
6712,leukocyte,leukocyte@example.com,51,
1179,migration,migration@example.com,55,
8758,exhorting,exhorting@example.com,43,
2361,expounds,expounds@example.com,18,
2263,Fenian's,Fenian's@example.com,41,
1429,knacker,knacker@example.com,57,
10766,constrict,constrict@example.com,27,
10256,salaamed,salaamed@example.com,45,
7347,hexagonal,hexagonal@example.com,40,
2363,lifetimes,lifetimes@example.com,31,
4344,basketball,basketball@example.com,45,
1606,Brummel,Brummel@example.com,49,
7398,ligament,ligament@example.com,30,
1088,snob,snob@example.com,28,
3528,waggle's,waggle's@example.com,44,
5215,scuff's,scuff's@example.com,43,
10455,impregnably,impregnably@example.com,27,
5219,Khmer,Khmer@example.com,30,
7255,find's,find's@example.com,39,
4938,dreamer's,dreamer's@example.com,51,
1296,budge,budge@example.com,63,
2655,citron,citron@example.com,43,
9601,festivity,festivity@example.com,51,
8951,awarded,awarded@example.com,39,
9013,suffragist's,suffragist's@example.com,52,
9787,cores,cores@example.com,52,
3843,headlocks,headlocks@example.com,33,
2966,unspeakable,unspeakable@example.com,52,
1842,liberalism's,liberalism's@example.com,46,
2164,Cebuano's,Cebuano's@example.com,29,
1106,indifference,indifference@example.com,45,
2488,underskirts,underskirts@example.com,24,
1079,Alembert's,Alembert's@example.com,39,
5516,attends,attends@example.com,37,
6844,burst,burst@example.com,48,
3101,cop's,cop's@example.com,42,
8813,roaring,roaring@example.com,29,
4469,ooze's,ooze's@example.com,20,
2101,charged,charged@example.com,65,
6664,Beyer,Beyer@example.com,58,
5543,Jayapura's,Jayapura's@example.com,28,
9483,chow,chow@example.com,52,
2601,youngish,youngish@example.com,53,
4918,teariest,teariest@example.com,32,
2184,upraises,upraises@example.com,54,
6345,vitiated,vitiated@example.com,24,
6238,busying,busying@example.com,61,
4260,squiggles,squiggles@example.com,31,
2334,french,french@example.com,42,
6838,Chomsky's,Chomsky's@example.com,47,
7092,cosies,cosies@example.com,28,
3043,slalom,slalom@example.com,62,
10385,devilling,devilling@example.com,29,
3680,ark,ark@example.com,43,
5895,roils,roils@example.com,31,
9963,Carl's,Carl's@example.com,24,
1435,he'll,he'll@example.com,20,
10690,choked,choked@example.com,29,
5368,mansard's,mansard's@example.com,59,
9003,feeding,feeding@example.com,20,
2024,assortment,assortment@example.com,31,
1759,Qantas,Qantas@example.com,47,
10110,cubical,cubical@example.com,65,
4919,felts,felts@example.com,45,
3410,compromising,compromising@example.com,64,
