id,name,email,age,city
9721,Euler,Euler@example.com,30,
4229,allegory's,allegory's@example.com,41,
10730,ravine's,ravine's@example.com,56,
2809,chopstick's,chopstick's@example.com,19,
9871,Steven,Steven@example.com,55,
9936,accruing,accruing@example.com,22,
10866,elasticity,elasticity@example.com,55,
1059,Kosygin's,Kosygin's@example.com,20,
6347,Xiongnu,Xiongnu@example.com,35,
8615,porterhouses,porterhouses@example.com,48,
7500,locales,locales@example.com,45,
1221,ragtime's,ragtime's@example.com,24,
9382,clime's,clime's@example.com,55,
7877,larked,larked@example.com,26,
4119,outweighed,outweighed@example.com,49,
7444,Ark's,Ark's@example.com,38,
3543,plopping,plopping@example.com,33,
6339,bleach,bleach@example.com,22,
7160,valentine,valentine@example.com,38,
9175,forgery's,forgery's@example.com,37,
1303,clandestine,clandestine@example.com,34,
8205,weevils,weevils@example.com,18,
7451,gloved,gloved@example.com,65,
5218,woolie,woolie@example.com,62,
4095,optic,optic@example.com,29,
1008,petitions,petitions@example.com,27,
9537,funereal,funereal@example.com,27,
5907,destructive,destructive@example.com,21,
2859,germinate,germinate@example.com,27,
4233,graphologists,graphologists@example.com,22,
4155,molesters,molesters@example.com,52,
5570,willingness,willingness@example.com,55,
3527,kinetic,kinetic@example.com,53,
1868,Silvia,Silvia@example.com,52,
1926,ketches,ketches@example.com,26,
1918,conjunction's,conjunction's@example.com,21,
6017,token,token@example.com,19,
7790,Lothario's,Lothario's@example.com,62,
8697,nonmembers,nonmembers@example.com,56,
1348,fuzzily,fuzzily@example.com,52,
5348,bestrides,bestrides@example.com,23,
8633,contractors,contractors@example.com,48,
6880,pretenses,pretenses@example.com,44,
5649,buffoonery,buffoonery@example.com,37,
9669,barricaded,barricaded@example.com,60,
10196,portend,portend@example.com,26,
1472,maundered,maundered@example.com,26,
1637,opinions,opinions@example.com,22,
6098,nymph's,nymph's@example.com,26,
8420,theater,theater@example.com,44,
3339,streamlined,streamlined@example.com,52,
9263,republic,republic@example.com,35,
3241,enrichment,enrichment@example.com,60,
3504,colorfully,colorfully@example.com,22,
7116,tingle,tingle@example.com,19,
10815,Wash,Wash@example.com,27,
1290,emancipation,emancipation@example.com,40,
10011,prejudicing,prejudicing@example.com,63,
3456,Varese's,Varese's@example.com,34,
2162,Milken's,Milken's@example.com,63,
3501,jotting,jotting@example.com,45,
10338,Libyan,Libyan@example.com,42,
2937,shatter,shatter@example.com,54,
8320,elegiacs,elegiacs@example.com,29,
4484,demobilizing,demobilizing@example.com,65,
8236,fluctuation's,fluctuation's@example.com,43,
7977,erectness's,erectness's@example.com,48,
5980,Brampton,Brampton@example.com,54,
3915,telegram,telegram@example.com,44,
5722,baggiest,baggiest@example.com,53,
7517,theater,theater@example.com,21,
6628,brass's,brass's@example.com,37,
9643,fiefs,fiefs@example.com,20,
5786,unconditional,unconditional@example.com,45,
1633,Formosa,Formosa@example.com,22,
1625,melodiousness's,melodiousness's@example.com,47,
7225,Luftwaffe's,Luftwaffe's@example.com,58,
7304,Ronny's,Ronny's@example.com,48,
1860,Lubumbashi,Lubumbashi@example.com,21,
5104,ferreted,ferreted@example.com,53,
3394,necktie,necktie@example.com,32,
2009,transcendentalism's,transcendentalism's@example.com,52,
8959,brigantines,brigantines@example.com,39,
10907,glassed,glassed@example.com,55,
1793,logistics,logistics@example.com,30,
1469,overlooks,overlooks@example.com,26,
6006,Seoul,Seoul@example.com,61,
3117,pedalled,pedalled@example.com,25,
2493,lase,lase@example.com,60,
10130,diners,diners@example.com,61,
1065,soon,soon@example.com,23,
10294,Chatterton,Chatterton@example.com,23,
3731,taffy's,taffy's@example.com,50,
6452,toting,toting@example.com,51,
6642,penmanship,penmanship@example.com,65,
1381,overcome,overcome@example.com,23,
3248,bearish,bearish@example.com,29,
9557,streets,streets@example.com,65,
4971,geared,geared@example.com,46,
3547,candy,candy@example.com,47,
10436,notifications,notifications@example.com,34,
10709,Della's,Della's@example.com,40,
2241,humanoids,humanoids@example.com,51,
5110,rices,rices@example.com,36,
9871,housekeepers,housekeepers@example.com,63,
8719,skateboarding,skateboarding@example.com,19,
2964,propping,propping@example.com,30,
9378,miscasts,miscasts@example.com,41,
6420,Blacksburg,Blacksburg@example.com,27,
9176,overcomes,overcomes@example.com,32,
8628,disengaging,disengaging@example.com,33,
10837,solo,solo@example.com,52,
1999,Ingres,Ingres@example.com,19,
7233,trivialities,trivialities@example.com,57,
3622,Bradstreet,Bradstreet@example.com,40,
10776,clockwork,clockwork@example.com,41,
5648,expects,expects@example.com,36,
2059,quartering,quartering@example.com,41,
1034,righteousness's,righteousness's@example.com,30,
8803,fusion,fusion@example.com,30,
3243,drunkard's,drunkard's@example.com,45,
10781,freebie,freebie@example.com,38,
3447,supercharges,supercharges@example.com,48,
2368,health's,health's@example.com,50,
3078,Chibcha,Chibcha@example.com,50,
5262,corroded,corroded@example.com,40,
5968,wrongfulness's,wrongfulness's@example.com,37,
1606,expose,expose@example.com,27,
4964,spiciness's,spiciness's@example.com,34,
6219,onset's,onset's@example.com,63,
6193,achieving,achieving@example.com,50,
9465,divining,divining@example.com,19,
1663,Devonian's,Devonian's@example.com,33,
2028,behind,behind@example.com,41,
9255,mashup's,mashup's@example.com,22,
1781,wrongdoing's,wrongdoing's@example.com,42,
8452,piously,piously@example.com,43,
3042,wallop's,wallop's@example.com,20,
10853,commissioner's,commissioner's@example.com,22,
2018,Good,Good@example.com,28,
7039,Natchez,Natchez@example.com,21,
10783,bagpipe's,bagpipe's@example.com,35,
4244,kenned,kenned@example.com,59,
4286,silks,silks@example.com,37,
10891,unsuited,unsuited@example.com,40,
10774,Ritz's,Ritz's@example.com,60,
1282,reorging,reorging@example.com,60,
4498,complicating,complicating@example.com,28,
2656,coccyges,coccyges@example.com,18,
10567,Socrates,Socrates@example.com,44,
9453,daiquiri,daiquiri@example.com,60,
6201,guilt's,guilt's@example.com,59,
10636,pliers's,pliers's@example.com,20,
1231,swank,swank@example.com,25,
1331,detonated,detonated@example.com,42,
9220,affiliation's,affiliation's@example.com,31,
5215,opined,opined@example.com,51,
1170,salve,salve@example.com,38,
2221,wheezing,wheezing@example.com,32,
8962,fleecier,fleecier@example.com,49,
1439,tools,tools@example.com,59,
7585,Malachi's,Malachi's@example.com,35,
1060,leaflets,leaflets@example.com,44,
8122,rotaries,rotaries@example.com,33,
2589,categorization,categorization@example.com,30,
8893,chairwomen,chairwomen@example.com,28,
