<data>
  <entry>
    <id>9143</id>
    <name>silencers</name>
    <email>silencers@example.com</email>
    <age>55</age>
    <city></city>
  </entry>
  <entry>
    <id>7931</id>
    <name>breastbone</name>
    <email>breastbone@example.com</email>
    <age>38</age>
    <city></city>
  </entry>
  <entry>
    <id>7941</id>
    <name>houmus</name>
    <email>houmus@example.com</email>
    <age>19</age>
    <city></city>
  </entry>
  <entry>
    <id>7603</id>
    <name>tepee</name>
    <email>tepee@example.com</email>
    <age>47</age>
    <city></city>
  </entry>
  <entry>
    <id>3889</id>
    <name>pace's</name>
    <email>pace's@example.com</email>
    <age>26</age>
    <city></city>
  </entry>
  <entry>
    <id>9003</id>
    <name>Hurley</name>
    <email>Hurley@example.com</email>
    <age>47</age>
    <city></city>
  </entry>
  <entry>
    <id>2680</id>
    <name>presses</name>
    <email>presses@example.com</email>
    <age>42</age>
    <city></city>
  </entry>
  <entry>
    <id>8329</id>
    <name>transcription</name>
    <email>transcription@example.com</email>
    <age>21</age>
    <city></city>
  </entry>
  <entry>
    <id>7605</id>
    <name>snug's</name>
    <email>snug's@example.com</email>
    <age>45</age>
    <city></city>
  </entry>
  <entry>
    <id>2857</id>
    <name>Lockwood</name>
    <email>Lockwood@example.com</email>
    <age>49</age>
    <city></city>
  </entry>
  <entry>
    <id>1637</id>
    <name>prairie's</name>
    <email>prairie's@example.com</email>
    <age>26</age>
    <city></city>
  </entry>
  <entry>
    <id>8880</id>
    <name>sixtieth</name>
    <email>sixtieth@example.com</email>
    <age>24</age>
    <city></city>
  </entry>
  <entry>
    <id>8916</id>
    <name>Leah</name>
    <email>Leah@example.com</email>
    <age>51</age>
    <city></city>
  </entry>
  <entry>
    <id>6262</id>
    <name>duel's</name>
    <email>duel's@example.com</email>
    <age>31</age>
    <city></city>
  </entry>
  <entry>
    <id>6765</id>
    <name>Pittsburgh</name>
    <email>Pittsburgh@example.com</email>
    <age>41</age>
    <city></city>
  </entry>
  <entry>
    <id>1095</id>
    <name>substantiation's</name>
    <email>substantiation's@example.com</email>
    <age>23</age>
    <city></city>
  </entry>
  <entry>
    <id>10169</id>
    <name>muleteers</name>
    <email>muleteers@example.com</email>
    <age>57</age>
    <city></city>
  </entry>
  <entry>
    <id>1428</id>
    <name>minutia's</name>
    <email>minutia's@example.com</email>
    <age>28</age>
    <city></city>
  </entry>
  <entry>
    <id>5077</id>
    <name>fibula</name>
    <email>fibula@example.com</email>
    <age>46</age>
    <city></city>
  </entry>
  <entry>
    <id>2013</id>
    <name>choices</name>
    <email>choices@example.com</email>
    <age>59</age>
    <city></city>
  </entry>
  <entry>
    <id>1169</id>
    <name>weirdos</name>
    <email>weirdos@example.com</email>
    <age>30</age>
    <city></city>
  </entry>
  <entry>
    <id>3827</id>
    <name>historians</name>
    <email>historians@example.com</email>
    <age>32</age>
    <city></city>
  </entry>
  <entry>
    <id>1126</id>
    <name>kludge</name>
    <email>kludge@example.com</email>
    <age>21</age>
    <city></city>
  </entry>
  <entry>
    <id>8283</id>
    <name>anyway</name>
    <email>anyway@example.com</email>
    <age>24</age>
    <city></city>
  </entry>
  <entry>
    <id>10633</id>
    <name>lackluster</name>
    <email>lackluster@example.com</email>
    <age>21</age>
    <city></city>
  </entry>
  <entry>
    <id>3349</id>
    <name>adjoining</name>
    <email>adjoining@example.com</email>
    <age>41</age>
    <city></city>
  </entry>
  <entry>
    <id>3106</id>
    <name>tobacconist</name>
    <email>tobacconist@example.com</email>
    <age>50</age>
    <city></city>
  </entry>
  <entry>
    <id>8517</id>
    <name>gratuitous</name>
    <email>gratuitous@example.com</email>
    <age>60</age>
    <city></city>
  </entry>
  <entry>
    <id>3445</id>
    <name>cork</name>
    <email>cork@example.com</email>
    <age>56</age>
    <city></city>
  </entry>
  <entry>
    <id>5492</id>
    <name>calculi</name>
    <email>calculi@example.com</email>
    <age>53</age>
    <city></city>
  </entry>
  <entry>
    <id>3699</id>
    <name>judged</name>
    <email>judged@example.com</email>
    <age>60</age>
    <city></city>
  </entry>
  <entry>
    <id>3063</id>
    <name>singled</name>
    <email>singled@example.com</email>
    <age>22</age>
    <city></city>
  </entry>
  <entry>
    <id>10761</id>
    <name>surprisingly</name>
    <email>surprisingly@example.com</email>
    <age>64</age>
    <city></city>
  </entry>
  <entry>
    <id>8029</id>
    <name>cryptogram's</name>
    <email>cryptogram's@example.com</email>
    <age>57</age>
    <city></city>
  </entry>
  <entry>
    <id>3131</id>
    <name>shillings</name>
    <email>shillings@example.com</email>
    <age>38</age>
    <city></city>
  </entry>
  <entry>
    <id>3011</id>
    <name>runners</name>
    <email>runners@example.com</email>
    <age>32</age>
    <city></city>
  </entry>
  <entry>
    <id>1876</id>
    <name>bloodstream</name>
    <email>bloodstream@example.com</email>
    <age>30</age>
    <city></city>
  </entry>
  <entry>
    <id>7980</id>
    <name>Meany's</name>
    <email>Meany's@example.com</email>
    <age>64</age>
    <city></city>
  </entry>
  <entry>
    <id>3826</id>
    <name>FORTRAN's</name>
    <email>FORTRAN's@example.com</email>
    <age>23</age>
    <city></city>
  </entry>
  <entry>
    <id>4542</id>
    <name>elevating</name>
    <email>elevating@example.com</email>
    <age>55</age>
    <city></city>
  </entry>
  <entry>
    <id>4836</id>
    <name>Earnest</name>
    <email>Earnest@example.com</email>
    <age>26</age>
    <city></city>
  </entry>
  <entry>
    <id>5961</id>
    <name>firebugs</name>
    <email>firebugs@example.com</email>
    <age>60</age>
    <city></city>
  </entry>
  <entry>
    <id>1064</id>
    <name>greengrocers</name>
    <email>greengrocers@example.com</email>
    <age>30</age>
    <city></city>
  </entry>
  <entry>
    <id>8560</id>
    <name>apportions</name>
    <email>apportions@example.com</email>
    <age>61</age>
    <city></city>
  </entry>
  <entry>
    <id>1094</id>
    <name>Durant's</name>
    <email>Durant's@example.com</email>
    <age>27</age>
    <city></city>
  </entry>
  <entry>
    <id>1524</id>
    <name>boondocks's</name>
    <email>boondocks's@example.com</email>
    <age>29</age>
    <city></city>
  </entry>
  <entry>
    <id>1791</id>
    <name>scroll</name>
    <email>scroll@example.com</email>
    <age>33</age>
    <city></city>
  </entry>
  <entry>
    <id>3153</id>
    <name>armaments</name>
    <email>armaments@example.com</email>
    <age>61</age>
    <city></city>
  </entry>
  <entry>
    <id>4553</id>
    <name>maroon's</name>
    <email>maroon's@example.com</email>
    <age>38</age>
    <city></city>
  </entry>
  <entry>
    <id>9487</id>
    <name>checkers</name>
    <email>checkers@example.com</email>
    <age>56</age>
    <city></city>
  </entry>
  <entry>
    <id>7610</id>
    <name>chime</name>
    <email>chime@example.com</email>
    <age>25</age>
    <city></city>
  </entry>
  <entry>
    <id>10610</id>
    <name>macramé</name>
    <email>macramé@example.com</email>
    <age>33</age>
    <city></city>
  </entry>
  <entry>
    <id>7539</id>
    <name>Alexander</name>
    <email>Alexander@example.com</email>
    <age>20</age>
    <city></city>
  </entry>
  <entry>
    <id>4274</id>
    <name>razz's</name>
    <email>razz's@example.com</email>
    <age>24</age>
    <city></city>
  </entry>
  <entry>
    <id>1523</id>
    <name>mushier</name>
    <email>mushier@example.com</email>
    <age>61</age>
    <city></city>
  </entry>
  <entry>
    <id>6224</id>
    <name>advisor</name>
    <email>advisor@example.com</email>
    <age>39</age>
    <city></city>
  </entry>
  <entry>
    <id>4528</id>
    <name>skier's</name>
    <email>skier's@example.com</email>
    <age>31</age>
    <city></city>
  </entry>
  <entry>
    <id>9069</id>
    <name>campsites</name>
    <email>campsites@example.com</email>
    <age>21</age>
    <city></city>
  </entry>
  <entry>
    <id>6123</id>
    <name>amount</name>
    <email>amount@example.com</email>
    <age>58</age>
    <city></city>
  </entry>
  <entry>
    <id>8091</id>
    <name>dies</name>
    <email>dies@example.com</email>
    <age>36</age>
    <city></city>
  </entry>
  <entry>
    <id>10620</id>
    <name>ionospheres</name>
    <email>ionospheres@example.com</email>
    <age>22</age>
    <city></city>
  </entry>
  <entry>
    <id>7420</id>
    <name>averring</name>
    <email>averring@example.com</email>
    <age>51</age>
    <city></city>
  </entry>
  <entry>
    <id>1056</id>
    <name>treaties</name>
    <email>treaties@example.com</email>
    <age>48</age>
    <city></city>
  </entry>
  <entry>
    <id>1956</id>
    <name>flycatchers</name>
    <email>flycatchers@example.com</email>
    <age>20</age>
    <city></city>
  </entry>
  <entry>
    <id>10971</id>
    <name>select</name>
    <email>select@example.com</email>
    <age>25</age>
    <city></city>
  </entry>
  <entry>
    <id>3530</id>
    <name>Aswan's</name>
    <email>Aswan's@example.com</email>
    <age>23</age>
    <city></city>
  </entry>
  <entry>
    <id>7822</id>
    <name>Webb's</name>
    <email>Webb's@example.com</email>
    <age>62</age>
    <city></city>
  </entry>
  <entry>
    <id>9495</id>
    <name>Proudhon</name>
    <email>Proudhon@example.com</email>
    <age>32</age>
    <city></city>
  </entry>
  <entry>
    <id>1941</id>
    <name>exorcised</name>
    <email>exorcised@example.com</email>
    <age>50</age>
    <city></city>
  </entry>
  <entry>
    <id>10195</id>
    <name>monochromes</name>
    <email>monochromes@example.com</email>
    <age>32</age>
    <city></city>
  </entry>
  <entry>
    <id>1212</id>
    <name>canal</name>
    <email>canal@example.com</email>
    <age>59</age>
    <city></city>
  </entry>
  <entry>
    <id>9802</id>
    <name>brewer's</name>
    <email>brewer's@example.com</email>
    <age>20</age>
    <city></city>
  </entry>
  <entry>
    <id>9318</id>
    <name>Damocles</name>
    <email>Damocles@example.com</email>
    <age>37</age>
    <city></city>
  </entry>
  <entry>
    <id>5054</id>
    <name>bumming</name>
    <email>bumming@example.com</email>
    <age>35</age>
    <city></city>
  </entry>
  <entry>
    <id>9477</id>
    <name>teenagers</name>
    <email>teenagers@example.com</email>
    <age>31</age>
    <city></city>
  </entry>
  <entry>
    <id>7373</id>
    <name>absorbency's</name>
    <email>absorbency's@example.com</email>
    <age>23</age>
    <city></city>
  </entry>
  <entry>
    <id>2729</id>
    <name>denominating</name>
    <email>denominating@example.com</email>
    <age>55</age>
    <city></city>
  </entry>
  <entry>
    <id>9410</id>
    <name>Cymbeline</name>
    <email>Cymbeline@example.com</email>
    <age>52</age>
    <city></city>
  </entry>
  <entry>
    <id>10501</id>
    <name>wicket</name>
    <email>wicket@example.com</email>
    <age>40</age>
    <city></city>
  </entry>
  <entry>
    <id>8399</id>
    <name>satyr</name>
    <email>satyr@example.com</email>
    <age>51</age>
    <city></city>
  </entry>
  <entry>
    <id>10992</id>
    <name>effectiveness</name>
    <email>effectiveness@example.com</email>
    <age>25</age>
    <city></city>
  </entry>
  <entry>
    <id>1973</id>
    <name>moor's</name>
    <email>moor's@example.com</email>
    <age>59</age>
    <city></city>
  </entry>
  <entry>
    <id>3111</id>
    <name>refiner's</name>
    <email>refiner's@example.com</email>
    <age>44</age>
    <city></city>
  </entry>
  <entry>
    <id>1407</id>
    <name>roofer</name>
    <email>roofer@example.com</email>
    <age>42</age>
    <city></city>
  </entry>
  <entry>
    <id>2840</id>
    <name>Tsingtao's</name>
    <email>Tsingtao's@example.com</email>
    <age>19</age>
    <city></city>
  </entry>
  <entry>
    <id>9871</id>
    <name>rubberize</name>
    <email>rubberize@example.com</email>
    <age>28</age>
    <city></city>
  </entry>
  <entry>
    <id>10248</id>
    <name>Muhammadanism's</name>
    <email>Muhammadanism's@example.com</email>
    <age>47</age>
    <city></city>
  </entry>
  <entry>
    <id>8463</id>
    <name>Dravidian's</name>
    <email>Dravidian's@example.com</email>
    <age>54</age>
    <city></city>
  </entry>
  <entry>
    <id>2910</id>
    <name>Stacy</name>
    <email>Stacy@example.com</email>
    <age>34</age>
    <city></city>
  </entry>
  <entry>
    <id>3312</id>
    <name>Brutus's</name>
    <email>Brutus's@example.com</email>
    <age>22</age>
    <city></city>
  </entry>
  <entry>
    <id>1971</id>
    <name>tailpipe</name>
    <email>tailpipe@example.com</email>
    <age>46</age>
    <city></city>
  </entry>
  <entry>
    <id>8698</id>
    <name>disembody</name>
    <email>disembody@example.com</email>
    <age>41</age>
    <city></city>
  </entry>
  <entry>
    <id>2241</id>
    <name>host</name>
    <email>host@example.com</email>
    <age>42</age>
    <city></city>
  </entry>
  <entry>
    <id>7732</id>
    <name>undeveloped</name>
    <email>undeveloped@example.com</email>
    <age>46</age>
    <city></city>
  </entry>
  <entry>
    <id>4140</id>
    <name>glows</name>
    <email>glows@example.com</email>
    <age>60</age>
    <city></city>
  </entry>
  <entry>
    <id>1865</id>
    <name>scouring</name>
    <email>scouring@example.com</email>
    <age>46</age>
    <city></city>
  </entry>
  <entry>
    <id>4663</id>
    <name>misty</name>
    <email>misty@example.com</email>
    <age>59</age>
    <city></city>
  </entry>
  <entry>
    <id>7078</id>
    <name>derbies</name>
    <email>derbies@example.com</email>
    <age>30</age>
    <city></city>
  </entry>
  <entry>
    <id>4837</id>
    <name>compression's</name>
    <email>compression's@example.com</email>
    <age>22</age>
    <city></city>
  </entry>
  <entry>
    <id>8777</id>
    <name>miscegenation's</name>
    <email>miscegenation's@example.com</email>
    <age>64</age>
    <city></city>
  </entry>
  <entry>
    <id>6129</id>
    <name>infamously</name>
    <email>infamously@example.com</email>
    <age>39</age>
    <city></city>
  </entry>
  <entry>
    <id>5105</id>
    <name>classes</name>
    <email>classes@example.com</email>
    <age>35</age>
    <city></city>
  </entry>
  <entry>
    <id>7706</id>
    <name>blancmange</name>
    <email>blancmange@example.com</email>
    <age>50</age>
    <city></city>
  </entry>
  <entry>
    <id>1487</id>
    <name>long</name>
    <email>long@example.com</email>
    <age>40</age>
    <city></city>
  </entry>
  <entry>
    <id>1729</id>
    <name>refinery</name>
    <email>refinery@example.com</email>
    <age>33</age>
    <city></city>
  </entry>
  <entry>
    <id>8912</id>
    <name>acrimony</name>
    <email>acrimony@example.com</email>
    <age>21</age>
    <city></city>
  </entry>
  <entry>
    <id>7869</id>
    <name>deported</name>
    <email>deported@example.com</email>
    <age>52</age>
    <city></city>
  </entry>
  <entry>
    <id>6158</id>
    <name>indecision</name>
    <email>indecision@example.com</email>
    <age>61</age>
    <city></city>
  </entry>
  <entry>
    <id>9347</id>
    <name>disapproves</name>
    <email>disapproves@example.com</email>
    <age>55</age>
    <city></city>
  </entry>
  <entry>
    <id>10368</id>
    <name>Hazel's</name>
    <email>Hazel's@example.com</email>
    <age>49</age>
    <city></city>
  </entry>
  <entry>
    <id>1979</id>
    <name>snowmobiles</name>
    <email>snowmobiles@example.com</email>
    <age>58</age>
    <city></city>
  </entry>
  <entry>
    <id>6266</id>
    <name>boondocks</name>
    <email>boondocks@example.com</email>
    <age>28</age>
    <city></city>
  </entry>
  <entry>
    <id>1684</id>
    <name>sheepishly</name>
    <email>sheepishly@example.com</email>
    <age>52</age>
    <city></city>
  </entry>
  <entry>
    <id>2647</id>
    <name>thunderstorm</name>
    <email>thunderstorm@example.com</email>
    <age>47</age>
    <city></city>
  </entry>
  <entry>
    <id>9595</id>
    <name>fusses</name>
    <email>fusses@example.com</email>
    <age>32</age>
    <city></city>
  </entry>
  <entry>
    <id>5557</id>
    <name>straddle</name>
    <email>straddle@example.com</email>
    <age>52</age>
    <city></city>
  </entry>
  <entry>
    <id>8458</id>
    <name>microphones</name>
    <email>microphones@example.com</email>
    <age>36</age>
    <city></city>
  </entry>
  <entry>
    <id>10243</id>
    <name>Ganges's</name>
    <email>Ganges's@example.com</email>
    <age>47</age>
    <city></city>
  </entry>
  <entry>
    <id>1372</id>
    <name>segregationists</name>
    <email>segregationists@example.com</email>
    <age>25</age>
    <city></city>
  </entry>
  <entry>
    <id>1709</id>
    <name>pointillist</name>
    <email>pointillist@example.com</email>
    <age>46</age>
    <city></city>
  </entry>
  <entry>
    <id>5783</id>
    <name>pastie</name>
    <email>pastie@example.com</email>
    <age>63</age>
    <city></city>
  </entry>
  <entry>
    <id>3703</id>
    <name>Satan</name>
    <email>Satan@example.com</email>
    <age>31</age>
    <city></city>
  </entry>
  <entry>
    <id>2267</id>
    <name>selenium's</name>
    <email>selenium's@example.com</email>
    <age>45</age>
    <city></city>
  </entry>
  <entry>
    <id>3256</id>
    <name>admissible</name>
    <email>admissible@example.com</email>
    <age>32</age>
    <city></city>
  </entry>
</data>
