[
  {"id": 6998, "name": "mewled", "email": "mewled@example.com", "age": 37, "city": ""},
  {"id": 10847, "name": "hyperbole's", "email": "hyperbole's@example.com", "age": 35, "city": ""},
  {"id": 8153, "name": "Wolfe", "email": "Wolfe@example.com", "age": 63, "city": ""},
  {"id": 5575, "name": "poplar", "email": "poplar@example.com", "age": 41, "city": ""},
  {"id": 5794, "name": "skulduggery", "email": "skulduggery@example.com", "age": 55, "city": ""},
  {"id": 2128, "name": "rarefy", "email": "rarefy@example.com", "age": 27, "city": ""},
  {"id": 5962, "name": "groundswell's", "email": "groundswell's@example.com", "age": 44, "city": ""},
  {"id": 2425, "name": "eschews", "email": "eschews@example.com", "age": 63, "city": ""},
  {"id": 2370, "name": "solitaire's", "email": "solitaire's@example.com", "age": 55, "city": ""},
  {"id": 2331, "name": "supervisor", "email": "supervisor@example.com", "age": 35, "city": ""},
  {"id": 7554, "name": "outbreak", "email": "outbreak@example.com", "age": 63, "city": ""},
  {"id": 6902, "name": "suicide", "email": "suicide@example.com", "age": 28, "city": ""},
  {"id": 7824, "name": "hurl's", "email": "hurl's@example.com", "age": 57, "city": ""},
  {"id": 7946, "name": "djinni's", "email": "djinni's@example.com", "age": 61, "city": ""},
  {"id": 8256, "name": "Mandeville's", "email": "Mandeville's@example.com", "age": 57, "city": ""},
  {"id": 5951, "name": "hyperlink's", "email": "hyperlink's@example.com", "age": 41, "city": ""},
  {"id": 8667, "name": "dishevelled", "email": "dishevelled@example.com", "age": 56, "city": ""},
  {"id": 2929, "name": "choosey", "email": "choosey@example.com", "age": 54, "city": ""},
  {"id": 8878, "name": "chalkboard", "email": "chalkboard@example.com", "age": 43, "city": ""},
  {"id": 2854, "name": "Hepburn", "email": "Hepburn@example.com", "age": 56, "city": ""},
  {"id": 3589, "name": "meteoroid's", "email": "meteoroid's@example.com", "age": 32, "city": ""},
  {"id": 4727, "name": "renews", "email": "renews@example.com", "age": 49, "city": ""},
  {"id": 3570, "name": "bobbling", "email": "bobbling@example.com", "age": 49, "city": ""},
  {"id": 4632, "name": "Whitehorse's", "email": "Whitehorse's@example.com", "age": 55, "city": ""},
  {"id": 3114, "name": "wristband's", "email": "wristband's@example.com", "age": 61, "city": ""},
  {"id": 2954, "name": "chairwoman's", "email": "chairwoman's@example.com", "age": 36, "city": ""},
  {"id": 4727, "name": "romped", "email": "romped@example.com", "age": 30, "city": ""},
  {"id": 1711, "name": "Monessen", "email": "Monessen@example.com", "age": 56, "city": ""},
  {"id": 3959, "name": "tungsten's", "email": "tungsten's@example.com", "age": 64, "city": ""},
  {"id": 6980, "name": "Rhonda's", "email": "Rhonda's@example.com", "age": 49, "city": ""},
  {"id": 8514, "name": "Ruskin's", "email": "Ruskin's@example.com", "age": 53, "city": ""},
  {"id": 7071, "name": "vanillas", "email": "vanillas@example.com", "age": 58, "city": ""},
  {"id": 2840, "name": "nonentities", "email": "nonentities@example.com", "age": 55, "city": ""},
  {"id": 6173, "name": "bisexual", "email": "bisexual@example.com", "age": 32, "city": ""},
  {"id": 4782, "name": "hilarity's", "email": "hilarity's@example.com", "age": 22, "city": ""},
  {"id": 9826, "name": "illuminated", "email": "illuminated@example.com", "age": 56, "city": ""},
  {"id": 7370, "name": "greedy", "email": "greedy@example.com", "age": 36, "city": ""},
  {"id": 10497, "name": "Hooker's", "email": "Hooker's@example.com", "age": 45, "city": ""},
  {"id": 6260, "name": "maximum", "email": "maximum@example.com", "age": 48, "city": ""},
  {"id": 7555, "name": "allure", "email": "allure@example.com", "age": 46, "city": ""},
  {"id": 10552, "name": "Mauryan's", "email": "Mauryan's@example.com", "age": 24, "city": ""},
  {"id": 10241, "name": "bridgeheads", "email": "bridgeheads@example.com", "age": 26, "city": ""},
  {"id": 9640, "name": "noodling", "email": "noodling@example.com", "age": 55, "city": ""},
  {"id": 7111, "name": "tocsin's", "email": "tocsin's@example.com", "age": 43, "city": ""},
  {"id": 4220, "name": "denim's", "email": "denim's@example.com", "age": 24, "city": ""},
  {"id": 1529, "name": "droop", "email": "droop@example.com", "age": 45, "city": ""},
  {"id": 1164, "name": "softball", "email": "softball@example.com", "age": 64, "city": ""},
  {"id": 10875, "name": "Suzuki", "email": "Suzuki@example.com", "age": 38, "city": ""},
  {"id": 10744, "name": "KY", "email": "KY@example.com", "age": 26, "city": ""},
  {"id": 5851, "name": "unprompted", "email": "unprompted@example.com", "age": 28, "city": ""},
  {"id": 6301, "name": "festered", "email": "festered@example.com", "age": 45, "city": ""},
  {"id": 10086, "name": "racecourse", "email": "racecourse@example.com", "age": 65, "city": ""},
  {"id": 10725, "name": "pitilessly", "email": "pitilessly@example.com", "age": 48, "city": ""},
  {"id": 5347, "name": "ranging", "email": "ranging@example.com", "age": 18, "city": ""},
  {"id": 7273, "name": "snooker", "email": "snooker@example.com", "age": 33, "city": ""},
  {"id": 3720, "name": "rendezvousing", "email": "rendezvousing@example.com", "age": 18, "city": ""},
  {"id": 5410, "name": "amputees", "email": "amputees@example.com", "age": 31, "city": ""},
  {"id": 1398, "name": "Modigliani's", "email": "Modigliani's@example.com", "age": 28, "city": ""},
  {"id": 5893, "name": "carnivorous", "email": "carnivorous@example.com", "age": 24, "city": ""},
  {"id": 3616, "name": "outclasses", "email": "outclasses@example.com", "age": 28, "city": ""},
  {"id": 6854, "name": "sinner's", "email": "sinner's@example.com", "age": 47, "city": ""},
  {"id": 5919, "name": "jerked", "email": "jerked@example.com", "age": 53, "city": ""},
  {"id": 3790, "name": "economy's", "email": "economy's@example.com", "age": 35, "city": ""},
  {"id": 3512, "name": "tangle's", "email": "tangle's@example.com", "age": 41, "city": ""},
  {"id": 1734, "name": "Gay", "email": "Gay@example.com", "age": 55, "city": ""},
  {"id": 10690, "name": "elevated", "email": "elevated@example.com", "age": 63, "city": ""}
]
