<data>
  <entry>
    <id>1503</id>
    <name>backpacked</name>
    <email>backpacked@example.com</email>
    <age>53</age>
    <city></city>
  </entry>
  <entry>
    <id>3826</id>
    <name>Handy's</name>
    <email>Handy's@example.com</email>
    <age>25</age>
    <city></city>
  </entry>
  <entry>
    <id>5203</id>
    <name>quasars</name>
    <email>quasars@example.com</email>
    <age>48</age>
    <city></city>
  </entry>
  <entry>
    <id>1494</id>
    <name>Barabbas</name>
    <email>Barabbas@example.com</email>
    <age>65</age>
    <city></city>
  </entry>
  <entry>
    <id>6336</id>
    <name>preserver's</name>
    <email>preserver's@example.com</email>
    <age>19</age>
    <city></city>
  </entry>
  <entry>
    <id>10939</id>
    <name>cindered</name>
    <email>cindered@example.com</email>
    <age>24</age>
    <city></city>
  </entry>
  <entry>
    <id>9835</id>
    <name>suburbanites</name>
    <email>suburbanites@example.com</email>
    <age>37</age>
    <city></city>
  </entry>
  <entry>
    <id>6110</id>
    <name>slugger's</name>
    <email>slugger's@example.com</email>
    <age>21</age>
    <city></city>
  </entry>
  <entry>
    <id>1177</id>
    <name>pwning</name>
    <email>pwning@example.com</email>
    <age>48</age>
    <city></city>
  </entry>
  <entry>
    <id>7040</id>
    <name>photocopies</name>
    <email>photocopies@example.com</email>
    <age>25</age>
    <city></city>
  </entry>
  <entry>
    <id>1805</id>
    <name>medal's</name>
    <email>medal's@example.com</email>
    <age>27</age>
    <city></city>
  </entry>
  <entry>
    <id>3007</id>
    <name>colliery's</name>
    <email>colliery's@example.com</email>
    <age>49</age>
    <city></city>
  </entry>
  <entry>
    <id>9982</id>
    <name>affluently</name>
    <email>affluently@example.com</email>
    <age>28</age>
    <city></city>
  </entry>
  <entry>
    <id>2685</id>
    <name>previous</name>
    <email>previous@example.com</email>
    <age>32</age>
    <city></city>
  </entry>
  <entry>
    <id>9230</id>
    <name>blazon's</name>
    <email>blazon's@example.com</email>
    <age>29</age>
    <city></city>
  </entry>
  <entry>
    <id>2753</id>
    <name>Miles</name>
    <email>Miles@example.com</email>
    <age>64</age>
    <city></city>
  </entry>
  <entry>
    <id>6367</id>
    <name>destroyer</name>
    <email>destroyer@example.com</email>
    <age>53</age>
    <city></city>
  </entry>
  <entry>
    <id>8019</id>
    <name>rack</name>
    <email>rack@example.com</email>
    <age>59</age>
    <city></city>
  </entry>
  <entry>
    <id>4082</id>
    <name>Sian's</name>
    <email>Sian's@example.com</email>
    <age>19</age>
    <city></city>
  </entry>
  <entry>
    <id>4991</id>
    <name>summit's</name>
    <email>summit's@example.com</email>
    <age>51</age>
    <city></city>
  </entry>
  <entry>
    <id>4084</id>
    <name>Abidjan</name>
    <email>Abidjan@example.com</email>
    <age>59</age>
    <city></city>
  </entry>
  <entry>
    <id>10880</id>
    <name>movement</name>
    <email>movement@example.com</email>
    <age>63</age>
    <city></city>
  </entry>
  <entry>
    <id>4848</id>
    <name>postulated</name>
    <email>postulated@example.com</email>
    <age>36</age>
    <city></city>
  </entry>
  <entry>
    <id>1956</id>
    <name>broils</name>
    <email>broils@example.com</email>
    <age>48</age>
    <city></city>
  </entry>
  <entry>
    <id>4898</id>
    <name>Kennith's</name>
    <email>Kennith's@example.com</email>
    <age>53</age>
    <city></city>
  </entry>
  <entry>
    <id>6224</id>
    <name>doorknob</name>
    <email>doorknob@example.com</email>
    <age>31</age>
    <city></city>
  </entry>
  <entry>
    <id>6204</id>
    <name>dishtowels</name>
    <email>dishtowels@example.com</email>
    <age>34</age>
    <city></city>
  </entry>
  <entry>
    <id>1391</id>
    <name>tripping</name>
    <email>tripping@example.com</email>
    <age>22</age>
    <city></city>
  </entry>
  <entry>
    <id>6573</id>
    <name>transfer</name>
    <email>transfer@example.com</email>
    <age>23</age>
    <city></city>
  </entry>
  <entry>
    <id>7682</id>
    <name>scrutiny</name>
    <email>scrutiny@example.com</email>
    <age>51</age>
    <city></city>
  </entry>
  <entry>
    <id>8340</id>
    <name>aspen's</name>
    <email>aspen's@example.com</email>
    <age>40</age>
    <city></city>
  </entry>
  <entry>
    <id>7535</id>
    <name>chauvinist's</name>
    <email>chauvinist's@example.com</email>
    <age>19</age>
    <city></city>
  </entry>
  <entry>
    <id>8381</id>
    <name>Sean's</name>
    <email>Sean's@example.com</email>
    <age>42</age>
    <city></city>
  </entry>
  <entry>
    <id>4964</id>
    <name>Jilin's</name>
    <email>Jilin's@example.com</email>
    <age>65</age>
    <city></city>
  </entry>
  <entry>
    <id>6975</id>
    <name>Japanese</name>
    <email>Japanese@example.com</email>
    <age>33</age>
    <city></city>
  </entry>
  <entry>
    <id>2574</id>
    <name>ostentatious</name>
    <email>ostentatious@example.com</email>
    <age>27</age>
    <city></city>
  </entry>
  <entry>
    <id>4634</id>
    <name>demonstrable</name>
    <email>demonstrable@example.com</email>
    <age>39</age>
    <city></city>
  </entry>
  <entry>
    <id>4427</id>
    <name>opalescence</name>
    <email>opalescence@example.com</email>
    <age>51</age>
    <city></city>
  </entry>
  <entry>
    <id>4077</id>
    <name>rumpled</name>
    <email>rumpled@example.com</email>
    <age>22</age>
    <city></city>
  </entry>
  <entry>
    <id>7260</id>
    <name>loincloth</name>
    <email>loincloth@example.com</email>
    <age>19</age>
    <city></city>
  </entry>
  <entry>
    <id>1620</id>
    <name>reestablish</name>
    <email>reestablish@example.com</email>
    <age>56</age>
    <city></city>
  </entry>
  <entry>
    <id>9368</id>
    <name>antipodes</name>
    <email>antipodes@example.com</email>
    <age>22</age>
    <city></city>
  </entry>
  <entry>
    <id>9111</id>
    <name>featureless</name>
    <email>featureless@example.com</email>
    <age>40</age>
    <city></city>
  </entry>
  <entry>
    <id>4712</id>
    <name>section</name>
    <email>section@example.com</email>
    <age>18</age>
    <city></city>
  </entry>
  <entry>
    <id>2729</id>
    <name>hertz's</name>
    <email>hertz's@example.com</email>
    <age>37</age>
    <city></city>
  </entry>
  <entry>
    <id>9874</id>
    <name>slivered</name>
    <email>slivered@example.com</email>
    <age>49</age>
    <city></city>
  </entry>
  <entry>
    <id>3463</id>
    <name>parka</name>
    <email>parka@example.com</email>
    <age>43</age>
    <city></city>
  </entry>
  <entry>
    <id>9828</id>
    <name>chocolate's</name>
    <email>chocolate's@example.com</email>
    <age>22</age>
    <city></city>
  </entry>
  <entry>
    <id>2135</id>
    <name>Miriam's</name>
    <email>Miriam's@example.com</email>
    <age>37</age>
    <city></city>
  </entry>
  <entry>
    <id>7248</id>
    <name>Manitoba</name>
    <email>Manitoba@example.com</email>
    <age>65</age>
    <city></city>
  </entry>
  <entry>
    <id>2334</id>
    <name>wampum's</name>
    <email>wampum's@example.com</email>
    <age>43</age>
    <city></city>
  </entry>
  <entry>
    <id>4992</id>
    <name>gill</name>
    <email>gill@example.com</email>
    <age>21</age>
    <city></city>
  </entry>
  <entry>
    <id>7200</id>
    <name>countenanced</name>
    <email>countenanced@example.com</email>
    <age>50</age>
    <city></city>
  </entry>
  <entry>
    <id>9282</id>
    <name>Lichtenstein's</name>
    <email>Lichtenstein's@example.com</email>
    <age>23</age>
    <city></city>
  </entry>
  <entry>
    <id>7474</id>
    <name>gated</name>
    <email>gated@example.com</email>
    <age>39</age>
    <city></city>
  </entry>
  <entry>
    <id>3000</id>
    <name>hairstyle's</name>
    <email>hairstyle's@example.com</email>
    <age>18</age>
    <city></city>
  </entry>
  <entry>
    <id>4645</id>
    <name>infatuated</name>
    <email>infatuated@example.com</email>
    <age>46</age>
    <city></city>
  </entry>
  <entry>
    <id>7431</id>
    <name>captain</name>
    <email>captain@example.com</email>
    <age>54</age>
    <city></city>
  </entry>
  <entry>
    <id>7762</id>
    <name>centerfold</name>
    <email>centerfold@example.com</email>
    <age>28</age>
    <city></city>
  </entry>
  <entry>
    <id>9875</id>
    <name>mistiest</name>
    <email>mistiest@example.com</email>
    <age>55</age>
    <city></city>
  </entry>
  <entry>
    <id>9688</id>
    <name>birthstone's</name>
    <email>birthstone's@example.com</email>
    <age>36</age>
    <city></city>
  </entry>
  <entry>
    <id>2881</id>
    <name>Shelly</name>
    <email>Shelly@example.com</email>
    <age>64</age>
    <city></city>
  </entry>
  <entry>
    <id>6429</id>
    <name>online</name>
    <email>online@example.com</email>
    <age>55</age>
    <city></city>
  </entry>
  <entry>
    <id>10607</id>
    <name>Enoch's</name>
    <email>Enoch's@example.com</email>
    <age>45</age>
    <city></city>
  </entry>
  <entry>
    <id>4167</id>
    <name>swaggered</name>
    <email>swaggered@example.com</email>
    <age>60</age>
    <city></city>
  </entry>
  <entry>
    <id>8726</id>
    <name>bliss's</name>
    <email>bliss's@example.com</email>
    <age>31</age>
    <city></city>
  </entry>
  <entry>
    <id>2554</id>
    <name>hoedown's</name>
    <email>hoedown's@example.com</email>
    <age>28</age>
    <city></city>
  </entry>
  <entry>
    <id>8020</id>
    <name>paganism's</name>
    <email>paganism's@example.com</email>
    <age>28</age>
    <city></city>
  </entry>
  <entry>
    <id>6972</id>
    <name>durability's</name>
    <email>durability's@example.com</email>
    <age>19</age>
    <city></city>
  </entry>
  <entry>
    <id>7420</id>
    <name>vaunted</name>
    <email>vaunted@example.com</email>
    <age>25</age>
    <city></city>
  </entry>
  <entry>
    <id>1671</id>
    <name>Northampton's</name>
    <email>Northampton's@example.com</email>
    <age>51</age>
    <city></city>
  </entry>
  <entry>
    <id>8397</id>
    <name>Snider</name>
    <email>Snider@example.com</email>
    <age>64</age>
    <city></city>
  </entry>
  <entry>
    <id>5671</id>
    <name>Au</name>
    <email>Au@example.com</email>
    <age>18</age>
    <city></city>
  </entry>
  <entry>
    <id>3313</id>
    <name>theoretic</name>
    <email>theoretic@example.com</email>
    <age>60</age>
    <city></city>
  </entry>
  <entry>
    <id>6900</id>
    <name>curt</name>
    <email>curt@example.com</email>
    <age>20</age>
    <city></city>
  </entry>
  <entry>
    <id>8377</id>
    <name>photojournalist</name>
    <email>photojournalist@example.com</email>
    <age>34</age>
    <city></city>
  </entry>
  <entry>
    <id>6811</id>
    <name>reprobate</name>
    <email>reprobate@example.com</email>
    <age>24</age>
    <city></city>
  </entry>
  <entry>
    <id>8396</id>
    <name>piping's</name>
    <email>piping's@example.com</email>
    <age>53</age>
    <city></city>
  </entry>
  <entry>
    <id>9988</id>
    <name>bicker's</name>
    <email>bicker's@example.com</email>
    <age>34</age>
    <city></city>
  </entry>
  <entry>
    <id>4571</id>
    <name>ramrodded</name>
    <email>ramrodded@example.com</email>
    <age>26</age>
    <city></city>
  </entry>
  <entry>
    <id>3720</id>
    <name>siroccos</name>
    <email>siroccos@example.com</email>
    <age>39</age>
    <city></city>
  </entry>
  <entry>
    <id>4108</id>
    <name>kens</name>
    <email>kens@example.com</email>
    <age>45</age>
    <city></city>
  </entry>
  <entry>
    <id>9952</id>
    <name>Dominica</name>
    <email>Dominica@example.com</email>
    <age>56</age>
    <city></city>
  </entry>
  <entry>
    <id>5439</id>
    <name>NVIDIA's</name>
    <email>NVIDIA's@example.com</email>
    <age>65</age>
    <city></city>
  </entry>
  <entry>
    <id>1753</id>
    <name>posies</name>
    <email>posies@example.com</email>
    <age>22</age>
    <city></city>
  </entry>
  <entry>
    <id>1886</id>
    <name>sportscast's</name>
    <email>sportscast's@example.com</email>
    <age>41</age>
    <city></city>
  </entry>
  <entry>
    <id>10277</id>
    <name>busting</name>
    <email>busting@example.com</email>
    <age>25</age>
    <city></city>
  </entry>
  <entry>
    <id>10001</id>
    <name>bloodstains</name>
    <email>bloodstains@example.com</email>
    <age>35</age>
    <city></city>
  </entry>
  <entry>
    <id>10391</id>
    <name>compendium's</name>
    <email>compendium's@example.com</email>
    <age>48</age>
    <city></city>
  </entry>
  <entry>
    <id>7813</id>
    <name>overcharges</name>
    <email>overcharges@example.com</email>
    <age>43</age>
    <city></city>
  </entry>
  <entry>
    <id>10227</id>
    <name>Randell's</name>
    <email>Randell's@example.com</email>
    <age>35</age>
    <city></city>
  </entry>
  <entry>
    <id>4076</id>
    <name>lancer</name>
    <email>lancer@example.com</email>
    <age>41</age>
    <city></city>
  </entry>
  <entry>
    <id>7599</id>
    <name>getaways</name>
    <email>getaways@example.com</email>
    <age>25</age>
    <city></city>
  </entry>
  <entry>
    <id>8805</id>
    <name>Estrada</name>
    <email>Estrada@example.com</email>
    <age>54</age>
    <city></city>
  </entry>
  <entry>
    <id>8267</id>
    <name>trainee</name>
    <email>trainee@example.com</email>
    <age>52</age>
    <city></city>
  </entry>
  <entry>
    <id>7586</id>
    <name>lea</name>
    <email>lea@example.com</email>
    <age>19</age>
    <city></city>
  </entry>
  <entry>
    <id>2282</id>
    <name>Dacron's</name>
    <email>Dacron's@example.com</email>
    <age>57</age>
    <city></city>
  </entry>
  <entry>
    <id>1879</id>
    <name>victim's</name>
    <email>victim's@example.com</email>
    <age>35</age>
    <city></city>
  </entry>
  <entry>
    <id>5170</id>
    <name>democracy</name>
    <email>democracy@example.com</email>
    <age>18</age>
    <city></city>
  </entry>
  <entry>
    <id>9672</id>
    <name>exes</name>
    <email>exes@example.com</email>
    <age>56</age>
    <city></city>
  </entry>
  <entry>
    <id>2738</id>
    <name>controls</name>
    <email>controls@example.com</email>
    <age>65</age>
    <city></city>
  </entry>
  <entry>
    <id>1396</id>
    <name>candelabrums</name>
    <email>candelabrums@example.com</email>
    <age>62</age>
    <city></city>
  </entry>
  <entry>
    <id>6846</id>
    <name>foundry's</name>
    <email>foundry's@example.com</email>
    <age>37</age>
    <city></city>
  </entry>
  <entry>
    <id>2526</id>
    <name>terrarium</name>
    <email>terrarium@example.com</email>
    <age>21</age>
    <city></city>
  </entry>
  <entry>
    <id>10744</id>
    <name>transgression's</name>
    <email>transgression's@example.com</email>
    <age>30</age>
    <city></city>
  </entry>
  <entry>
    <id>1379</id>
    <name>secretariat</name>
    <email>secretariat@example.com</email>
    <age>19</age>
    <city></city>
  </entry>
  <entry>
    <id>2250</id>
    <name>pretensions</name>
    <email>pretensions@example.com</email>
    <age>56</age>
    <city></city>
  </entry>
  <entry>
    <id>7499</id>
    <name>melody</name>
    <email>melody@example.com</email>
    <age>59</age>
    <city></city>
  </entry>
  <entry>
    <id>6131</id>
    <name>Lucite's</name>
    <email>Lucite's@example.com</email>
    <age>25</age>
    <city></city>
  </entry>
  <entry>
    <id>4642</id>
    <name>Saskatchewan's</name>
    <email>Saskatchewan's@example.com</email>
    <age>25</age>
    <city></city>
  </entry>
  <entry>
    <id>1932</id>
    <name>hypnotist</name>
    <email>hypnotist@example.com</email>
    <age>45</age>
    <city></city>
  </entry>
  <entry>
    <id>9929</id>
    <name>kerosene</name>
    <email>kerosene@example.com</email>
    <age>34</age>
    <city></city>
  </entry>
  <entry>
    <id>7890</id>
    <name>prosceniums</name>
    <email>prosceniums@example.com</email>
    <age>51</age>
    <city></city>
  </entry>
  <entry>
    <id>5350</id>
    <name>mustering</name>
    <email>mustering@example.com</email>
    <age>35</age>
    <city></city>
  </entry>
  <entry>
    <id>2918</id>
    <name>cupolas</name>
    <email>cupolas@example.com</email>
    <age>51</age>
    <city></city>
  </entry>
  <entry>
    <id>8602</id>
    <name>subbed</name>
    <email>subbed@example.com</email>
    <age>51</age>
    <city></city>
  </entry>
  <entry>
    <id>2172</id>
    <name>aquaculture's</name>
    <email>aquaculture's@example.com</email>
    <age>26</age>
    <city></city>
  </entry>
  <entry>
    <id>6935</id>
    <name>Lebanon's</name>
    <email>Lebanon's@example.com</email>
    <age>63</age>
    <city></city>
  </entry>
  <entry>
    <id>6670</id>
    <name>willing</name>
    <email>willing@example.com</email>
    <age>54</age>
    <city></city>
  </entry>
  <entry>
    <id>3773</id>
    <name>Hui's</name>
    <email>Hui's@example.com</email>
    <age>29</age>
    <city></city>
  </entry>
  <entry>
    <id>2955</id>
    <name>outstretch</name>
    <email>outstretch@example.com</email>
    <age>60</age>
    <city></city>
  </entry>
  <entry>
    <id>7279</id>
    <name>radioactive</name>
    <email>radioactive@example.com</email>
    <age>27</age>
    <city></city>
  </entry>
  <entry>
    <id>7284</id>
    <name>premarital</name>
    <email>premarital@example.com</email>
    <age>36</age>
    <city></city>
  </entry>
  <entry>
    <id>3562</id>
    <name>shudder</name>
    <email>shudder@example.com</email>
    <age>52</age>
    <city></city>
  </entry>
  <entry>
    <id>10039</id>
    <name>tube's</name>
    <email>tube's@example.com</email>
    <age>38</age>
    <city></city>
  </entry>
  <entry>
    <id>1999</id>
    <name>monocotyledon's</name>
    <email>monocotyledon's@example.com</email>
    <age>64</age>
    <city></city>
  </entry>
  <entry>
    <id>2865</id>
    <name>tarpaulin's</name>
    <email>tarpaulin's@example.com</email>
    <age>40</age>
    <city></city>
  </entry>
  <entry>
    <id>2671</id>
    <name>Jacqueline</name>
    <email>Jacqueline@example.com</email>
    <age>62</age>
    <city></city>
  </entry>
  <entry>
    <id>7597</id>
    <name>Bullwinkle</name>
    <email>Bullwinkle@example.com</email>
    <age>45</age>
    <city></city>
  </entry>
  <entry>
    <id>8569</id>
    <name>dingo's</name>
    <email>dingo's@example.com</email>
    <age>36</age>
    <city></city>
  </entry>
  <entry>
    <id>8806</id>
    <name>mispronunciations</name>
    <email>mispronunciations@example.com</email>
    <age>54</age>
    <city></city>
  </entry>
  <entry>
    <id>7989</id>
    <name>outfielder's</name>
    <email>outfielder's@example.com</email>
    <age>42</age>
    <city></city>
  </entry>
  <entry>
    <id>8299</id>
    <name>squint</name>
    <email>squint@example.com</email>
    <age>45</age>
    <city></city>
  </entry>
  <entry>
    <id>1381</id>
    <name>steward</name>
    <email>steward@example.com</email>
    <age>50</age>
    <city></city>
  </entry>
  <entry>
    <id>5556</id>
    <name>pancreases</name>
    <email>pancreases@example.com</email>
    <age>26</age>
    <city></city>
  </entry>
  <entry>
    <id>6016</id>
    <name>Firebase</name>
    <email>Firebase@example.com</email>
    <age>28</age>
    <city></city>
  </entry>
  <entry>
    <id>3632</id>
    <name>divorcing</name>
    <email>divorcing@example.com</email>
    <age>53</age>
    <city></city>
  </entry>
  <entry>
    <id>4677</id>
    <name>inaugural</name>
    <email>inaugural@example.com</email>
    <age>30</age>
    <city></city>
  </entry>
  <entry>
    <id>5044</id>
    <name>peels</name>
    <email>peels@example.com</email>
    <age>54</age>
    <city></city>
  </entry>
  <entry>
    <id>5336</id>
    <name>parallax</name>
    <email>parallax@example.com</email>
    <age>51</age>
    <city></city>
  </entry>
  <entry>
    <id>7480</id>
    <name>creed</name>
    <email>creed@example.com</email>
    <age>21</age>
    <city></city>
  </entry>
  <entry>
    <id>4291</id>
    <name>explorations</name>
    <email>explorations@example.com</email>
    <age>45</age>
    <city></city>
  </entry>
  <entry>
    <id>1871</id>
    <name>beryllium</name>
    <email>beryllium@example.com</email>
    <age>60</age>
    <city></city>
  </entry>
  <entry>
    <id>3219</id>
    <name>feta's</name>
    <email>feta's@example.com</email>
    <age>49</age>
    <city></city>
  </entry>
  <entry>
    <id>8578</id>
    <name>bawdy</name>
    <email>bawdy@example.com</email>
    <age>41</age>
    <city></city>
  </entry>
  <entry>
    <id>5285</id>
    <name>fiber</name>
    <email>fiber@example.com</email>
    <age>48</age>
    <city></city>
  </entry>
  <entry>
    <id>9076</id>
    <name>transliterates</name>
    <email>transliterates@example.com</email>
    <age>27</age>
    <city></city>
  </entry>
  <entry>
    <id>2679</id>
    <name>Podunk's</name>
    <email>Podunk's@example.com</email>
    <age>52</age>
    <city></city>
  </entry>
  <entry>
    <id>9487</id>
    <name>astigmatism</name>
    <email>astigmatism@example.com</email>
    <age>60</age>
    <city></city>
  </entry>
  <entry>
    <id>1955</id>
    <name>Uruguayans</name>
    <email>Uruguayans@example.com</email>
    <age>64</age>
    <city></city>
  </entry>
  <entry>
    <id>6277</id>
    <name>postdates</name>
    <email>postdates@example.com</email>
    <age>56</age>
    <city></city>
  </entry>
  <entry>
    <id>3886</id>
    <name>Maserati</name>
    <email>Maserati@example.com</email>
    <age>29</age>
    <city></city>
  </entry>
  <entry>
    <id>6799</id>
    <name>gimmicks</name>
    <email>gimmicks@example.com</email>
    <age>42</age>
    <city></city>
  </entry>
  <entry>
    <id>10459</id>
    <name>introspective</name>
    <email>introspective@example.com</email>
    <age>24</age>
    <city></city>
  </entry>
  <entry>
    <id>6116</id>
    <name>Assamese's</name>
    <email>Assamese's@example.com</email>
    <age>28</age>
    <city></city>
  </entry>
  <entry>
    <id>8020</id>
    <name>requester</name>
    <email>requester@example.com</email>
    <age>57</age>
    <city></city>
  </entry>
  <entry>
    <id>1522</id>
    <name>Mauritius</name>
    <email>Mauritius@example.com</email>
    <age>28</age>
    <city></city>
  </entry>
  <entry>
    <id>3701</id>
    <name>excluding</name>
    <email>excluding@example.com</email>
    <age>55</age>
    <city></city>
  </entry>
  <entry>
    <id>2458</id>
    <name>yews</name>
    <email>yews@example.com</email>
    <age>41</age>
    <city></city>
  </entry>
  <entry>
    <id>4962</id>
    <name>emollient's</name>
    <email>emollient's@example.com</email>
    <age>39</age>
    <city></city>
  </entry>
  <entry>
    <id>7176</id>
    <name>prodding</name>
    <email>prodding@example.com</email>
    <age>20</age>
    <city></city>
  </entry>
  <entry>
    <id>6830</id>
    <name>Walls's</name>
    <email>Walls's@example.com</email>
    <age>32</age>
    <city></city>
  </entry>
  <entry>
    <id>3102</id>
    <name>synagog</name>
    <email>synagog@example.com</email>
    <age>51</age>
    <city></city>
  </entry>
  <entry>
    <id>3906</id>
    <name>spoilsports</name>
    <email>spoilsports@example.com</email>
    <age>18</age>
    <city></city>
  </entry>
  <entry>
    <id>10470</id>
    <name>bakes</name>
    <email>bakes@example.com</email>
    <age>56</age>
    <city></city>
  </entry>
  <entry>
    <id>1322</id>
    <name>camper's</name>
    <email>camper's@example.com</email>
    <age>34</age>
    <city></city>
  </entry>
  <entry>
    <id>1261</id>
    <name>delta</name>
    <email>delta@example.com</email>
    <age>19</age>
    <city></city>
  </entry>
  <entry>
    <id>4345</id>
    <name>laminating</name>
    <email>laminating@example.com</email>
    <age>44</age>
    <city></city>
  </entry>
  <entry>
    <id>4384</id>
    <name>retina's</name>
    <email>retina's@example.com</email>
    <age>48</age>
    <city></city>
  </entry>
  <entry>
    <id>5641</id>
    <name>diagramed</name>
    <email>diagramed@example.com</email>
    <age>26</age>
    <city></city>
  </entry>
  <entry>
    <id>6093</id>
    <name>kneader's</name>
    <email>kneader's@example.com</email>
    <age>64</age>
    <city></city>
  </entry>
  <entry>
    <id>4367</id>
    <name>aphrodisiacs</name>
    <email>aphrodisiacs@example.com</email>
    <age>64</age>
    <city></city>
  </entry>
  <entry>
    <id>6499</id>
    <name>woolgathering</name>
    <email>woolgathering@example.com</email>
    <age>40</age>
    <city></city>
  </entry>
  <entry>
    <id>7533</id>
    <name>vituperating</name>
    <email>vituperating@example.com</email>
    <age>56</age>
    <city></city>
  </entry>
  <entry>
    <id>8397</id>
    <name>unmindful</name>
    <email>unmindful@example.com</email>
    <age>29</age>
    <city></city>
  </entry>
  <entry>
    <id>3905</id>
    <name>venders</name>
    <email>venders@example.com</email>
    <age>62</age>
    <city></city>
  </entry>
  <entry>
    <id>10612</id>
    <name>serpentine</name>
    <email>serpentine@example.com</email>
    <age>30</age>
    <city></city>
  </entry>
  <entry>
    <id>2342</id>
    <name>showmanship's</name>
    <email>showmanship's@example.com</email>
    <age>54</age>
    <city></city>
  </entry>
  <entry>
    <id>10599</id>
    <name>rigidity's</name>
    <email>rigidity's@example.com</email>
    <age>33</age>
    <city></city>
  </entry>
  <entry>
    <id>1870</id>
    <name>complements</name>
    <email>complements@example.com</email>
    <age>29</age>
    <city></city>
  </entry>
  <entry>
    <id>4802</id>
    <name>niggle</name>
    <email>niggle@example.com</email>
    <age>63</age>
    <city></city>
  </entry>
  <entry>
    <id>6162</id>
    <name>gelid</name>
    <email>gelid@example.com</email>
    <age>34</age>
    <city></city>
  </entry>
  <entry>
    <id>8595</id>
    <name>troglodyte</name>
    <email>troglodyte@example.com</email>
    <age>48</age>
    <city></city>
  </entry>
  <entry>
    <id>10563</id>
    <name>demon's</name>
    <email>demon's@example.com</email>
    <age>25</age>
    <city></city>
  </entry>
  <entry>
    <id>10496</id>
    <name>schoolteachers</name>
    <email>schoolteachers@example.com</email>
    <age>32</age>
    <city></city>
  </entry>
  <entry>
    <id>5321</id>
    <name>falsification</name>
    <email>falsification@example.com</email>
    <age>45</age>
    <city></city>
  </entry>
  <entry>
    <id>9166</id>
    <name>autopilot's</name>
    <email>autopilot's@example.com</email>
    <age>31</age>
    <city></city>
  </entry>
  <entry>
    <id>2597</id>
    <name>parrakeets</name>
    <email>parrakeets@example.com</email>
    <age>53</age>
    <city></city>
  </entry>
  <entry>
    <id>10846</id>
    <name>primary's</name>
    <email>primary's@example.com</email>
    <age>39</age>
    <city></city>
  </entry>
</data>
