[
  {"id": 3104, "name": "vets", "email": "vets@example.com", "age": 30, "city": ""},
  {"id": 8975, "name": "proliferated", "email": "proliferated@example.com", "age": 23, "city": ""},
  {"id": 10556, "name": "cutout", "email": "cutout@example.com", "age": 19, "city": ""},
  {"id": 1402, "name": "canker's", "email": "canker's@example.com", "age": 42, "city": ""},
  {"id": 10979, "name": "disobey", "email": "disobey@example.com", "age": 46, "city": ""},
  {"id": 1790, "name": "tutu's", "email": "tutu's@example.com", "age": 22, "city": ""},
  {"id": 6908, "name": "exploited", "email": "exploited@example.com", "age": 20, "city": ""},
  {"id": 6033, "name": "briefly", "email": "briefly@example.com", "age": 61, "city": ""},
  {"id": 6536, "name": "shone", "email": "shone@example.com", "age": 24, "city": ""},
  {"id": 7776, "name": "dependants", "email": "dependants@example.com", "age": 25, "city": ""},
  {"id": 3097, "name": "tenacity", "email": "tenacity@example.com", "age": 63, "city": ""},
  {"id": 7385, "name": "outcasts", "email": "outcasts@example.com", "age": 38, "city": ""},
  {"id": 4948, "name": "confess", "email": "confess@example.com", "age": 37, "city": ""},
  {"id": 4007, "name": "kneel", "email": "kneel@example.com", "age": 38, "city": ""},
  {"id": 9609, "name": "ligament", "email": "ligament@example.com", "age": 40, "city": ""},
  {"id": 2251, "name": "conciseness's", "email": "conciseness's@example.com", "age": 38, "city": ""},
  {"id": 8379, "name": "zombie's", "email": "zombie's@example.com", "age": 23, "city": ""},
  {"id": 8413, "name": "werewolves", "email": "werewolves@example.com", "age": 47, "city": ""},
  {"id": 1631, "name": "Eloise", "email": "Eloise@example.com", "age": 37, "city": ""},
  {"id": 6719, "name": "Salton", "email": "Salton@example.com", "age": 42, "city": ""},
  {"id": 4772, "name": "reveller", "email": "reveller@example.com", "age": 64, "city": ""},
  {"id": 1880, "name": "brunt", "email": "brunt@example.com", "age": 26, "city": ""},
  {"id": 2350, "name": "flatirons", "email": "flatirons@example.com", "age": 39, "city": ""},
  {"id": 4799, "name": "restrained", "email": "restrained@example.com", "age": 46, "city": ""},
  {"id": 3228, "name": "disarranged", "email": "disarranged@example.com", "age": 52, "city": ""},
  {"id": 7837, "name": "handshake", "email": "handshake@example.com", "age": 53, "city": ""},
  {"id": 1454, "name": "bombastic", "email": "bombastic@example.com", "age": 34, "city": ""},
  {"id": 9979, "name": "matzot", "email": "matzot@example.com", "age": 25, "city": ""},
  {"id": 3125, "name": "miking", "email": "miking@example.com", "age": 65, "city": ""},
  {"id": 1310, "name": "Hanover's", "email": "Hanover's@example.com", "age": 24, "city": ""},
  {"id": 5423, "name": "powder", "email": "powder@example.com", "age": 44, "city": ""},
  {"id": 1058, "name": "Union's", "email": "Union's@example.com", "age": 58, "city": ""},
  {"id": 1436, "name": "kohlrabi", "email": "kohlrabi@example.com", "age": 19, "city": ""},
  {"id": 6130, "name": "Royce's", "email": "Royce's@example.com", "age": 18, "city": ""},
  {"id": 1539, "name": "Dina", "email": "Dina@example.com", "age": 27, "city": ""},
  {"id": 3432, "name": "bisectors", "email": "bisectors@example.com", "age": 54, "city": ""},
  {"id": 6566, "name": "penning", "email": "penning@example.com", "age": 18, "city": ""},
  {"id": 5400, "name": "cab's", "email": "cab's@example.com", "age": 45, "city": ""},
  {"id": 2036, "name": "glaring", "email": "glaring@example.com", "age": 39, "city": ""},
  {"id": 7681, "name": "Cinderellas", "email": "Cinderellas@example.com", "age": 55, "city": ""},
  {"id": 2198, "name": "baron's", "email": "baron's@example.com", "age": 43, "city": ""},
  {"id": 8059, "name": "baffle", "email": "baffle@example.com", "age": 50, "city": ""},
  {"id": 5245, "name": "Boreas's", "email": "Boreas's@example.com", "age": 27, "city": ""},
  {"id": 6385, "name": "deletion", "email": "deletion@example.com", "age": 32, "city": ""},
  {"id": 7215, "name": "uninstalled", "email": "uninstalled@example.com", "age": 27, "city": ""},
  {"id": 2944, "name": "unspoken", "email": "unspoken@example.com", "age": 37, "city": ""},
  {"id": 5446, "name": "implant", "email": "implant@example.com", "age": 56, "city": ""},
  {"id": 4722, "name": "bludgeoned", "email": "bludgeoned@example.com", "age": 22, "city": ""},
  {"id": 2481, "name": "possess", "email": "possess@example.com", "age": 55, "city": ""},
  {"id": 4621, "name": "Cyclades's", "email": "Cyclades's@example.com", "age": 42, "city": ""},
  {"id": 8689, "name": "craning", "email": "craning@example.com", "age": 31, "city": ""},
  {"id": 5314, "name": "sinister", "email": "sinister@example.com", "age": 63, "city": ""},
  {"id": 10965, "name": "orthodontist", "email": "orthodontist@example.com", "age": 60, "city": ""},
  {"id": 5643, "name": "codas", "email": "codas@example.com", "age": 53, "city": ""},
  {"id": 6427, "name": "faiths", "email": "faiths@example.com", "age": 18, "city": ""},
  {"id": 6224, "name": "redcap's", "email": "redcap's@example.com", "age": 53, "city": ""},
  {"id": 1841, "name": "toads", "email": "toads@example.com", "age": 41, "city": ""},
  {"id": 4044, "name": "deactivating", "email": "deactivating@example.com", "age": 44, "city": ""},
  {"id": 4981, "name": "Puck", "email": "Puck@example.com", "age": 46, "city": ""},
  {"id": 3554, "name": "passions", "email": "passions@example.com", "age": 61, "city": ""},
  {"id": 10471, "name": "tabernacles", "email": "tabernacles@example.com", "age": 59, "city": ""},
  {"id": 3061, "name": "Rooney", "email": "Rooney@example.com", "age": 48, "city": ""},
  {"id": 1901, "name": "giraffe", "email": "giraffe@example.com", "age": 58, "city": ""},
  {"id": 1469, "name": "wardrobes", "email": "wardrobes@example.com", "age": 36, "city": ""},
  {"id": 6349, "name": "metabolizes", "email": "metabolizes@example.com", "age": 24, "city": ""},
  {"id": 3744, "name": "keyboarded", "email": "keyboarded@example.com", "age": 63, "city": ""},
  {"id": 9255, "name": "animatedly", "email": "animatedly@example.com", "age": 22, "city": ""},
  {"id": 1138, "name": "exodus", "email": "exodus@example.com", "age": 34, "city": ""},
  {"id": 10443, "name": "pimping", "email": "pimping@example.com", "age": 32, "city": ""},
  {"id": 10793, "name": "Jeremy", "email": "Jeremy@example.com", "age": 48, "city": ""},
  {"id": 3164, "name": "plenary's", "email": "plenary's@example.com", "age": 47, "city": ""},
  {"id": 6535, "name": "Janacek's", "email": "Janacek's@example.com", "age": 42, "city": ""},
  {"id": 9641, "name": "suppose", "email": "suppose@example.com", "age": 29, "city": ""},
  {"id": 8354, "name": "look's", "email": "look's@example.com", "age": 60, "city": ""},
  {"id": 4156, "name": "toiletry", "email": "toiletry@example.com", "age": 29, "city": ""},
  {"id": 3198, "name": "enduing", "email": "enduing@example.com", "age": 19, "city": ""},
  {"id": 7845, "name": "zippy", "email": "zippy@example.com", "age": 24, "city": ""},
  {"id": 5783, "name": "herdsman's", "email": "herdsman's@example.com", "age": 46, "city": ""},
  {"id": 1565, "name": "restoratives", "email": "restoratives@example.com", "age": 65, "city": ""},
  {"id": 8143, "name": "Percival's", "email": "Percival's@example.com", "age": 18, "city": ""},
  {"id": 1670, "name": "personality", "email": "personality@example.com", "age": 48, "city": ""},
  {"id": 6278, "name": "comparatively", "email": "comparatively@example.com", "age": 30, "city": ""},
  {"id": 8152, "name": "linkage's", "email": "linkage's@example.com", "age": 53, "city": ""},
  {"id": 8859, "name": "herpes", "email": "herpes@example.com", "age": 56, "city": ""},
  {"id": 2178, "name": "uncomplaining", "email": "uncomplaining@example.com", "age": 50, "city": ""},
  {"id": 8961, "name": "dissoluteness's", "email": "dissoluteness's@example.com", "age": 55, "city": ""},
  {"id": 9963, "name": "clarinettists", "email": "clarinettists@example.com", "age": 27, "city": ""},
  {"id": 2564, "name": "baiting", "email": "baiting@example.com", "age": 54, "city": ""},
  {"id": 3999, "name": "puns", "email": "puns@example.com", "age": 46, "city": ""},
  {"id": 10493, "name": "Janelle's", "email": "Janelle's@example.com", "age": 30, "city": ""},
  {"id": 2689, "name": "scrimmaged", "email": "scrimmaged@example.com", "age": 44, "city": ""},
  {"id": 9913, "name": "surplussed", "email": "surplussed@example.com", "age": 62, "city": ""},
  {"id": 7698, "name": "custom", "email": "custom@example.com", "age": 62, "city": ""},
  {"id": 2185, "name": "winds", "email": "winds@example.com", "age": 55, "city": ""},
  {"id": 8204, "name": "builtin", "email": "builtin@example.com", "age": 53, "city": ""},
  {"id": 8160, "name": "emailing", "email": "emailing@example.com", "age": 36, "city": ""},
  {"id": 10975, "name": "floppy's", "email": "floppy's@example.com", "age": 46, "city": ""}
]
