id,name,email,age,city
8423,martinet,martinet@example.com,47,
2113,scarified,scarified@example.com,40,
6008,preliminaries,preliminaries@example.com,48,
8355,plotting,plotting@example.com,52,
4836,Vladivostok's,Vladivostok's@example.com,39,
8523,dissatisfaction's,dissatisfaction's@example.com,22,
4770,turtle's,turtle's@example.com,65,
9796,begone,begone@example.com,51,
9731,spotting,spotting@example.com,59,
1356,Bearnaise's,Bearnaise's@example.com,27,
3237,disarrayed,disarrayed@example.com,53,
3126,Cronkite's,Cronkite's@example.com,62,
1246,encrustation,encrustation@example.com,43,
3014,trusting,trusting@example.com,20,
4846,cupcakes,cupcakes@example.com,49,
1186,Millay's,Millay's@example.com,36,
3948,hazarding,hazarding@example.com,47,
6723,bewilderment's,bewilderment's@example.com,38,
8090,FAQs,FAQs@example.com,54,
6731,Whitehead's,Whitehead's@example.com,50,
6631,platformed,platformed@example.com,57,
3081,channel's,channel's@example.com,23,
5307,changes,changes@example.com,22,
6459,glob's,glob's@example.com,39,
9479,baptisms,baptisms@example.com,44,
6432,corseted,corseted@example.com,60,
3337,sot,sot@example.com,55,
1864,farms,farms@example.com,62,
1797,vagabond's,vagabond's@example.com,33,
1425,epithet,epithet@example.com,30,
5208,fatter,fatter@example.com,25,
6513,dusty,dusty@example.com,57,
1063,Titus,Titus@example.com,58,
1853,chastisement's,chastisement's@example.com,28,
4759,lampoon's,lampoon's@example.com,25,
10470,babyhood,babyhood@example.com,39,
1796,escapes,escapes@example.com,28,
2866,illumining,illumining@example.com,29,
10861,Dipper,Dipper@example.com,40,
7646,excellence's,excellence's@example.com,39,
3225,temporizes,temporizes@example.com,37,
10406,jingled,jingled@example.com,38,
10845,basely,basely@example.com,50,
4272,ghastliest,ghastliest@example.com,38,
9451,Jonahs,Jonahs@example.com,48,
2854,Francois,Francois@example.com,59,
2132,euphemisms,euphemisms@example.com,27,
5437,subservience,subservience@example.com,48,
1027,contemptuous,contemptuous@example.com,42,
5560,colossi,colossi@example.com,27,
6324,offshoring,offshoring@example.com,41,
3602,soundtracks,soundtracks@example.com,28,
9775,stationary,stationary@example.com,18,
1640,plunged,plunged@example.com,46,
5749,clinks,clinks@example.com,64,
2643,diplomats,diplomats@example.com,33,
6996,bourgeois's,bourgeois's@example.com,29,
4423,markdown's,markdown's@example.com,46,
7163,mitten's,mitten's@example.com,40,
3970,stymied,stymied@example.com,46,
7383,holidaying,holidaying@example.com,26,
10149,starriest,starriest@example.com,62,
5675,Edison,Edison@example.com,53,
3338,voluptuousness's,voluptuousness's@example.com,24,
7623,noisemakers,noisemakers@example.com,29,
1292,Glasgow's,Glasgow's@example.com,52,
9526,fin,fin@example.com,46,
6139,nape,nape@example.com,57,
6382,Lancashire,Lancashire@example.com,53,
1366,becks,becks@example.com,61,
9744,Amparo,Amparo@example.com,47,
5282,forth,forth@example.com,34,
10434,chess's,chess's@example.com,54,
3044,disreputable,disreputable@example.com,46,
7129,minutiae,minutiae@example.com,26,
8654,cider's,cider's@example.com,30,
5936,canonize,canonize@example.com,39,
8152,vacuous,vacuous@example.com,48,
