<data>
  <entry>
    <id>6269</id>
    <name>Brandon</name>
    <email>Brandon@example.com</email>
    <age>54</age>
    <city></city>
  </entry>
  <entry>
    <id>4434</id>
    <name>whimsy</name>
    <email>whimsy@example.com</email>
    <age>21</age>
    <city></city>
  </entry>
  <entry>
    <id>3221</id>
    <name>Dadaism's</name>
    <email>Dadaism's@example.com</email>
    <age>43</age>
    <city></city>
  </entry>
  <entry>
    <id>7422</id>
    <name>chrysalises</name>
    <email>chrysalises@example.com</email>
    <age>51</age>
    <city></city>
  </entry>
  <entry>
    <id>1521</id>
    <name>oxide's</name>
    <email>oxide's@example.com</email>
    <age>64</age>
    <city></city>
  </entry>
  <entry>
    <id>4606</id>
    <name>deprogramed</name>
    <email>deprogramed@example.com</email>
    <age>44</age>
    <city></city>
  </entry>
  <entry>
    <id>8970</id>
    <name>remade</name>
    <email>remade@example.com</email>
    <age>27</age>
    <city></city>
  </entry>
  <entry>
    <id>3557</id>
    <name>prides</name>
    <email>prides@example.com</email>
    <age>46</age>
    <city></city>
  </entry>
  <entry>
    <id>5301</id>
    <name>backstairs</name>
    <email>backstairs@example.com</email>
    <age>18</age>
    <city></city>
  </entry>
  <entry>
    <id>10945</id>
    <name>semiprofessional's</name>
    <email>semiprofessional's@example.com</email>
    <age>61</age>
    <city></city>
  </entry>
  <entry>
    <id>8910</id>
    <name>reserve's</name>
    <email>reserve's@example.com</email>
    <age>53</age>
    <city></city>
  </entry>
  <entry>
    <id>9720</id>
    <name>scamps</name>
    <email>scamps@example.com</email>
    <age>56</age>
    <city></city>
  </entry>
  <entry>
    <id>1188</id>
    <name>floodgate's</name>
    <email>floodgate's@example.com</email>
    <age>46</age>
    <city></city>
  </entry>
  <entry>
    <id>3761</id>
    <name>twiddling</name>
    <email>twiddling@example.com</email>
    <age>46</age>
    <city></city>
  </entry>
  <entry>
    <id>10563</id>
    <name>scuttle</name>
    <email>scuttle@example.com</email>
    <age>31</age>
    <city></city>
  </entry>
  <entry>
    <id>10786</id>
    <name>flint's</name>
    <email>flint's@example.com</email>
    <age>39</age>
    <city></city>
  </entry>
  <entry>
    <id>5958</id>
    <name>gunwales</name>
    <email>gunwales@example.com</email>
    <age>38</age>
    <city></city>
  </entry>
  <entry>
    <id>10718</id>
    <name>lambed</name>
    <email>lambed@example.com</email>
    <age>27</age>
    <city></city>
  </entry>
  <entry>
    <id>3045</id>
    <name>assigns</name>
    <email>assigns@example.com</email>
    <age>26</age>
    <city></city>
  </entry>
  <entry>
    <id>10430</id>
    <name>tugging</name>
    <email>tugging@example.com</email>
    <age>65</age>
    <city></city>
  </entry>
  <entry>
    <id>3806</id>
    <name>catwalks</name>
    <email>catwalks@example.com</email>
    <age>53</age>
    <city></city>
  </entry>
  <entry>
    <id>1742</id>
    <name>Bronson's</name>
    <email>Bronson's@example.com</email>
    <age>43</age>
    <city></city>
  </entry>
  <entry>
    <id>3567</id>
    <name>dent's</name>
    <email>dent's@example.com</email>
    <age>61</age>
    <city></city>
  </entry>
  <entry>
    <id>6197</id>
    <name>monochrome</name>
    <email>monochrome@example.com</email>
    <age>48</age>
    <city></city>
  </entry>
  <entry>
    <id>4835</id>
    <name>fixations</name>
    <email>fixations@example.com</email>
    <age>64</age>
    <city></city>
  </entry>
  <entry>
    <id>1613</id>
    <name>Mack's</name>
    <email>Mack's@example.com</email>
    <age>50</age>
    <city></city>
  </entry>
  <entry>
    <id>8337</id>
    <name>Gallic's</name>
    <email>Gallic's@example.com</email>
    <age>36</age>
    <city></city>
  </entry>
  <entry>
    <id>2663</id>
    <name>nitrating</name>
    <email>nitrating@example.com</email>
    <age>52</age>
    <city></city>
  </entry>
  <entry>
    <id>4482</id>
    <name>James</name>
    <email>James@example.com</email>
    <age>20</age>
    <city></city>
  </entry>
  <entry>
    <id>3426</id>
    <name>Keillor's</name>
    <email>Keillor's@example.com</email>
    <age>42</age>
    <city></city>
  </entry>
  <entry>
    <id>1145</id>
    <name>chatted</name>
    <email>chatted@example.com</email>
    <age>34</age>
    <city></city>
  </entry>
  <entry>
    <id>4473</id>
    <name>incidentally</name>
    <email>incidentally@example.com</email>
    <age>60</age>
    <city></city>
  </entry>
  <entry>
    <id>2013</id>
    <name>cadge</name>
    <email>cadge@example.com</email>
    <age>21</age>
    <city></city>
  </entry>
  <entry>
    <id>1700</id>
    <name>parricides</name>
    <email>parricides@example.com</email>
    <age>51</age>
    <city></city>
  </entry>
  <entry>
    <id>4316</id>
    <name>Bulgaria</name>
    <email>Bulgaria@example.com</email>
    <age>34</age>
    <city></city>
  </entry>
  <entry>
    <id>9152</id>
    <name>Sol's</name>
    <email>Sol's@example.com</email>
    <age>38</age>
    <city></city>
  </entry>
  <entry>
    <id>7967</id>
    <name>sniff</name>
    <email>sniff@example.com</email>
    <age>63</age>
    <city></city>
  </entry>
  <entry>
    <id>2468</id>
    <name>rhythmic</name>
    <email>rhythmic@example.com</email>
    <age>58</age>
    <city></city>
  </entry>
  <entry>
    <id>7757</id>
    <name>Watusi's</name>
    <email>Watusi's@example.com</email>
    <age>22</age>
    <city></city>
  </entry>
  <entry>
    <id>2144</id>
    <name>unlocks</name>
    <email>unlocks@example.com</email>
    <age>44</age>
    <city></city>
  </entry>
  <entry>
    <id>1045</id>
    <name>Io's</name>
    <email>Io's@example.com</email>
    <age>31</age>
    <city></city>
  </entry>
  <entry>
    <id>8739</id>
    <name>rightness's</name>
    <email>rightness's@example.com</email>
    <age>55</age>
    <city></city>
  </entry>
  <entry>
    <id>3879</id>
    <name>Bridgetown's</name>
    <email>Bridgetown's@example.com</email>
    <age>58</age>
    <city></city>
  </entry>
  <entry>
    <id>1950</id>
    <name>showpieces</name>
    <email>showpieces@example.com</email>
    <age>39</age>
    <city></city>
  </entry>
  <entry>
    <id>1072</id>
    <name>Salish's</name>
    <email>Salish's@example.com</email>
    <age>37</age>
    <city></city>
  </entry>
  <entry>
    <id>6512</id>
    <name>artificer's</name>
    <email>artificer's@example.com</email>
    <age>51</age>
    <city></city>
  </entry>
  <entry>
    <id>2062</id>
    <name>caption's</name>
    <email>caption's@example.com</email>
    <age>40</age>
    <city></city>
  </entry>
  <entry>
    <id>4177</id>
    <name>watermelon's</name>
    <email>watermelon's@example.com</email>
    <age>41</age>
    <city></city>
  </entry>
  <entry>
    <id>7411</id>
    <name>decompress</name>
    <email>decompress@example.com</email>
    <age>33</age>
    <city></city>
  </entry>
  <entry>
    <id>2066</id>
    <name>tawdriness</name>
    <email>tawdriness@example.com</email>
    <age>45</age>
    <city></city>
  </entry>
  <entry>
    <id>8472</id>
    <name>Clements</name>
    <email>Clements@example.com</email>
    <age>40</age>
    <city></city>
  </entry>
  <entry>
    <id>8164</id>
    <name>unpalatable</name>
    <email>unpalatable@example.com</email>
    <age>26</age>
    <city></city>
  </entry>
  <entry>
    <id>7259</id>
    <name>Douala's</name>
    <email>Douala's@example.com</email>
    <age>29</age>
    <city></city>
  </entry>
  <entry>
    <id>5625</id>
    <name>cheapness's</name>
    <email>cheapness's@example.com</email>
    <age>65</age>
    <city></city>
  </entry>
  <entry>
    <id>6062</id>
    <name>nettles</name>
    <email>nettles@example.com</email>
    <age>51</age>
    <city></city>
  </entry>
  <entry>
    <id>2423</id>
    <name>casein's</name>
    <email>casein's@example.com</email>
    <age>56</age>
    <city></city>
  </entry>
  <entry>
    <id>3767</id>
    <name>medullae</name>
    <email>medullae@example.com</email>
    <age>37</age>
    <city></city>
  </entry>
  <entry>
    <id>5101</id>
    <name>unbidden</name>
    <email>unbidden@example.com</email>
    <age>63</age>
    <city></city>
  </entry>
  <entry>
    <id>6724</id>
    <name>cynosure's</name>
    <email>cynosure's@example.com</email>
    <age>65</age>
    <city></city>
  </entry>
  <entry>
    <id>6260</id>
    <name>cowers</name>
    <email>cowers@example.com</email>
    <age>60</age>
    <city></city>
  </entry>
  <entry>
    <id>3579</id>
    <name>folios</name>
    <email>folios@example.com</email>
    <age>34</age>
    <city></city>
  </entry>
  <entry>
    <id>5357</id>
    <name>dynamite's</name>
    <email>dynamite's@example.com</email>
    <age>49</age>
    <city></city>
  </entry>
  <entry>
    <id>6914</id>
    <name>Boswell</name>
    <email>Boswell@example.com</email>
    <age>51</age>
    <city></city>
  </entry>
  <entry>
    <id>5210</id>
    <name>wizened</name>
    <email>wizened@example.com</email>
    <age>56</age>
    <city></city>
  </entry>
  <entry>
    <id>7324</id>
    <name>downswing's</name>
    <email>downswing's@example.com</email>
    <age>47</age>
    <city></city>
  </entry>
  <entry>
    <id>4015</id>
    <name>housewares's</name>
    <email>housewares's@example.com</email>
    <age>43</age>
    <city></city>
  </entry>
  <entry>
    <id>5126</id>
    <name>Tillich's</name>
    <email>Tillich's@example.com</email>
    <age>36</age>
    <city></city>
  </entry>
  <entry>
    <id>3601</id>
    <name>peacemaker</name>
    <email>peacemaker@example.com</email>
    <age>22</age>
    <city></city>
  </entry>
  <entry>
    <id>4150</id>
    <name>cling's</name>
    <email>cling's@example.com</email>
    <age>47</age>
    <city></city>
  </entry>
  <entry>
    <id>4113</id>
    <name>twigged</name>
    <email>twigged@example.com</email>
    <age>54</age>
    <city></city>
  </entry>
  <entry>
    <id>4788</id>
    <name>suffragan's</name>
    <email>suffragan's@example.com</email>
    <age>40</age>
    <city></city>
  </entry>
  <entry>
    <id>10430</id>
    <name>Montgomery</name>
    <email>Montgomery@example.com</email>
    <age>22</age>
    <city></city>
  </entry>
  <entry>
    <id>4605</id>
    <name>front</name>
    <email>front@example.com</email>
    <age>49</age>
    <city></city>
  </entry>
  <entry>
    <id>6396</id>
    <name>Btu</name>
    <email>Btu@example.com</email>
    <age>59</age>
    <city></city>
  </entry>
  <entry>
    <id>9916</id>
    <name>coifed</name>
    <email>coifed@example.com</email>
    <age>63</age>
    <city></city>
  </entry>
  <entry>
    <id>1154</id>
    <name>anthropologist's</name>
    <email>anthropologist's@example.com</email>
    <age>32</age>
    <city></city>
  </entry>
  <entry>
    <id>4518</id>
    <name>macrocosm</name>
    <email>macrocosm@example.com</email>
    <age>38</age>
    <city></city>
  </entry>
  <entry>
    <id>9306</id>
    <name>reciprocate</name>
    <email>reciprocate@example.com</email>
    <age>33</age>
    <city></city>
  </entry>
  <entry>
    <id>3971</id>
    <name>cajole</name>
    <email>cajole@example.com</email>
    <age>27</age>
    <city></city>
  </entry>
  <entry>
    <id>7168</id>
    <name>longest</name>
    <email>longest@example.com</email>
    <age>64</age>
    <city></city>
  </entry>
  <entry>
    <id>8825</id>
    <name>fez's</name>
    <email>fez's@example.com</email>
    <age>42</age>
    <city></city>
  </entry>
  <entry>
    <id>3882</id>
    <name>amebic</name>
    <email>amebic@example.com</email>
    <age>21</age>
    <city></city>
  </entry>
  <entry>
    <id>1811</id>
    <name>spaceflight</name>
    <email>spaceflight@example.com</email>
    <age>28</age>
    <city></city>
  </entry>
  <entry>
    <id>3517</id>
    <name>dispensation's</name>
    <email>dispensation's@example.com</email>
    <age>47</age>
    <city></city>
  </entry>
  <entry>
    <id>7880</id>
    <name>handiest</name>
    <email>handiest@example.com</email>
    <age>40</age>
    <city></city>
  </entry>
  <entry>
    <id>6954</id>
    <name>excrescences</name>
    <email>excrescences@example.com</email>
    <age>63</age>
    <city></city>
  </entry>
  <entry>
    <id>2149</id>
    <name>legal</name>
    <email>legal@example.com</email>
    <age>35</age>
    <city></city>
  </entry>
  <entry>
    <id>5142</id>
    <name>scanter</name>
    <email>scanter@example.com</email>
    <age>62</age>
    <city></city>
  </entry>
  <entry>
    <id>6547</id>
    <name>name's</name>
    <email>name's@example.com</email>
    <age>24</age>
    <city></city>
  </entry>
  <entry>
    <id>1733</id>
    <name>fussiness</name>
    <email>fussiness@example.com</email>
    <age>53</age>
    <city></city>
  </entry>
  <entry>
    <id>1206</id>
    <name>suppressing</name>
    <email>suppressing@example.com</email>
    <age>36</age>
    <city></city>
  </entry>
  <entry>
    <id>6427</id>
    <name>Dalmatians</name>
    <email>Dalmatians@example.com</email>
    <age>56</age>
    <city></city>
  </entry>
  <entry>
    <id>1114</id>
    <name>mallows</name>
    <email>mallows@example.com</email>
    <age>38</age>
    <city></city>
  </entry>
  <entry>
    <id>8804</id>
    <name>foolhardiest</name>
    <email>foolhardiest@example.com</email>
    <age>25</age>
    <city></city>
  </entry>
  <entry>
    <id>9846</id>
    <name>patchwork's</name>
    <email>patchwork's@example.com</email>
    <age>27</age>
    <city></city>
  </entry>
  <entry>
    <id>1072</id>
    <name>suffragans</name>
    <email>suffragans@example.com</email>
    <age>65</age>
    <city></city>
  </entry>
  <entry>
    <id>10283</id>
    <name>pomade's</name>
    <email>pomade's@example.com</email>
    <age>55</age>
    <city></city>
  </entry>
  <entry>
    <id>10110</id>
    <name>Guadalquivir's</name>
    <email>Guadalquivir's@example.com</email>
    <age>43</age>
    <city></city>
  </entry>
  <entry>
    <id>3160</id>
    <name>ballplayers</name>
    <email>ballplayers@example.com</email>
    <age>24</age>
    <city></city>
  </entry>
  <entry>
    <id>1356</id>
    <name>row's</name>
    <email>row's@example.com</email>
    <age>51</age>
    <city></city>
  </entry>
  <entry>
    <id>1936</id>
    <name>enterprise</name>
    <email>enterprise@example.com</email>
    <age>20</age>
    <city></city>
  </entry>
  <entry>
    <id>5026</id>
    <name>poignantly</name>
    <email>poignantly@example.com</email>
    <age>26</age>
    <city></city>
  </entry>
  <entry>
    <id>10445</id>
    <name>ostensibly</name>
    <email>ostensibly@example.com</email>
    <age>56</age>
    <city></city>
  </entry>
  <entry>
    <id>6651</id>
    <name>militia's</name>
    <email>militia's@example.com</email>
    <age>53</age>
    <city></city>
  </entry>
  <entry>
    <id>4146</id>
    <name>communicable</name>
    <email>communicable@example.com</email>
    <age>40</age>
    <city></city>
  </entry>
  <entry>
    <id>1656</id>
    <name>enrolling</name>
    <email>enrolling@example.com</email>
    <age>28</age>
    <city></city>
  </entry>
  <entry>
    <id>9763</id>
    <name>traipse's</name>
    <email>traipse's@example.com</email>
    <age>37</age>
    <city></city>
  </entry>
  <entry>
    <id>9686</id>
    <name>hallelujahs</name>
    <email>hallelujahs@example.com</email>
    <age>26</age>
    <city></city>
  </entry>
  <entry>
    <id>2251</id>
    <name>discontinue</name>
    <email>discontinue@example.com</email>
    <age>50</age>
    <city></city>
  </entry>
  <entry>
    <id>10257</id>
    <name>meeker</name>
    <email>meeker@example.com</email>
    <age>25</age>
    <city></city>
  </entry>
  <entry>
    <id>8390</id>
    <name>bankbooks</name>
    <email>bankbooks@example.com</email>
    <age>42</age>
    <city></city>
  </entry>
  <entry>
    <id>10212</id>
    <name>Kama</name>
    <email>Kama@example.com</email>
    <age>20</age>
    <city></city>
  </entry>
  <entry>
    <id>8738</id>
    <name>Hart</name>
    <email>Hart@example.com</email>
    <age>35</age>
    <city></city>
  </entry>
  <entry>
    <id>2416</id>
    <name>Englishman's</name>
    <email>Englishman's@example.com</email>
    <age>37</age>
    <city></city>
  </entry>
  <entry>
    <id>6115</id>
    <name>feline</name>
    <email>feline@example.com</email>
    <age>27</age>
    <city></city>
  </entry>
  <entry>
    <id>2008</id>
    <name>stenographic</name>
    <email>stenographic@example.com</email>
    <age>30</age>
    <city></city>
  </entry>
  <entry>
    <id>10938</id>
    <name>pewter's</name>
    <email>pewter's@example.com</email>
    <age>35</age>
    <city></city>
  </entry>
  <entry>
    <id>6399</id>
    <name>sweating</name>
    <email>sweating@example.com</email>
    <age>40</age>
    <city></city>
  </entry>
  <entry>
    <id>1459</id>
    <name>gecko</name>
    <email>gecko@example.com</email>
    <age>35</age>
    <city></city>
  </entry>
  <entry>
    <id>8904</id>
    <name>matchmaker's</name>
    <email>matchmaker's@example.com</email>
    <age>41</age>
    <city></city>
  </entry>
  <entry>
    <id>3124</id>
    <name>driblet's</name>
    <email>driblet's@example.com</email>
    <age>64</age>
    <city></city>
  </entry>
  <entry>
    <id>9082</id>
    <name>proficiently</name>
    <email>proficiently@example.com</email>
    <age>20</age>
    <city></city>
  </entry>
  <entry>
    <id>9191</id>
    <name>fairgrounds</name>
    <email>fairgrounds@example.com</email>
    <age>59</age>
    <city></city>
  </entry>
  <entry>
    <id>3677</id>
    <name>dinner</name>
    <email>dinner@example.com</email>
    <age>65</age>
    <city></city>
  </entry>
  <entry>
    <id>8509</id>
    <name>shunned</name>
    <email>shunned@example.com</email>
    <age>44</age>
    <city></city>
  </entry>
  <entry>
    <id>6263</id>
    <name>underpinning's</name>
    <email>underpinning's@example.com</email>
    <age>33</age>
    <city></city>
  </entry>
  <entry>
    <id>3746</id>
    <name>convalescent</name>
    <email>convalescent@example.com</email>
    <age>57</age>
    <city></city>
  </entry>
  <entry>
    <id>3339</id>
    <name>peppy</name>
    <email>peppy@example.com</email>
    <age>18</age>
    <city></city>
  </entry>
  <entry>
    <id>7676</id>
    <name>doubloons</name>
    <email>doubloons@example.com</email>
    <age>44</age>
    <city></city>
  </entry>
  <entry>
    <id>9051</id>
    <name>Peters</name>
    <email>Peters@example.com</email>
    <age>38</age>
    <city></city>
  </entry>
  <entry>
    <id>8548</id>
    <name>best</name>
    <email>best@example.com</email>
    <age>52</age>
    <city></city>
  </entry>
  <entry>
    <id>4123</id>
    <name>choral</name>
    <email>choral@example.com</email>
    <age>25</age>
    <city></city>
  </entry>
  <entry>
    <id>5666</id>
    <name>healer's</name>
    <email>healer's@example.com</email>
    <age>50</age>
    <city></city>
  </entry>
  <entry>
    <id>4893</id>
    <name>extenuate</name>
    <email>extenuate@example.com</email>
    <age>60</age>
    <city></city>
  </entry>
  <entry>
    <id>9946</id>
    <name>basilica's</name>
    <email>basilica's@example.com</email>
    <age>32</age>
    <city></city>
  </entry>
  <entry>
    <id>5470</id>
    <name>entreated</name>
    <email>entreated@example.com</email>
    <age>43</age>
    <city></city>
  </entry>
  <entry>
    <id>2449</id>
    <name>recenter</name>
    <email>recenter@example.com</email>
    <age>52</age>
    <city></city>
  </entry>
  <entry>
    <id>10251</id>
    <name>ignition's</name>
    <email>ignition's@example.com</email>
    <age>26</age>
    <city></city>
  </entry>
  <entry>
    <id>7831</id>
    <name>snappy</name>
    <email>snappy@example.com</email>
    <age>36</age>
    <city></city>
  </entry>
  <entry>
    <id>9062</id>
    <name>Permalloy's</name>
    <email>Permalloy's@example.com</email>
    <age>38</age>
    <city></city>
  </entry>
  <entry>
    <id>1636</id>
    <name>plantings</name>
    <email>plantings@example.com</email>
    <age>22</age>
    <city></city>
  </entry>
  <entry>
    <id>5636</id>
    <name>dioxin</name>
    <email>dioxin@example.com</email>
    <age>28</age>
    <city></city>
  </entry>
  <entry>
    <id>10193</id>
    <name>Costello's</name>
    <email>Costello's@example.com</email>
    <age>49</age>
    <city></city>
  </entry>
  <entry>
    <id>8546</id>
    <name>bromide's</name>
    <email>bromide's@example.com</email>
    <age>20</age>
    <city></city>
  </entry>
  <entry>
    <id>9201</id>
    <name>aerosol</name>
    <email>aerosol@example.com</email>
    <age>51</age>
    <city></city>
  </entry>
  <entry>
    <id>6505</id>
    <name>Redding's</name>
    <email>Redding's@example.com</email>
    <age>20</age>
    <city></city>
  </entry>
  <entry>
    <id>4339</id>
    <name>derringer</name>
    <email>derringer@example.com</email>
    <age>57</age>
    <city></city>
  </entry>
  <entry>
    <id>8876</id>
    <name>humeri</name>
    <email>humeri@example.com</email>
    <age>32</age>
    <city></city>
  </entry>
  <entry>
    <id>3405</id>
    <name>van's</name>
    <email>van's@example.com</email>
    <age>64</age>
    <city></city>
  </entry>
  <entry>
    <id>5642</id>
    <name>identity</name>
    <email>identity@example.com</email>
    <age>23</age>
    <city></city>
  </entry>
  <entry>
    <id>2036</id>
    <name>parodies</name>
    <email>parodies@example.com</email>
    <age>45</age>
    <city></city>
  </entry>
  <entry>
    <id>6448</id>
    <name>fateful</name>
    <email>fateful@example.com</email>
    <age>36</age>
    <city></city>
  </entry>
  <entry>
    <id>1558</id>
    <name>sobriety</name>
    <email>sobriety@example.com</email>
    <age>50</age>
    <city></city>
  </entry>
  <entry>
    <id>1232</id>
    <name>bivalve's</name>
    <email>bivalve's@example.com</email>
    <age>55</age>
    <city></city>
  </entry>
  <entry>
    <id>2091</id>
    <name>terminates</name>
    <email>terminates@example.com</email>
    <age>24</age>
    <city></city>
  </entry>
  <entry>
    <id>6689</id>
    <name>risk</name>
    <email>risk@example.com</email>
    <age>31</age>
    <city></city>
  </entry>
  <entry>
    <id>9005</id>
    <name>mortgager's</name>
    <email>mortgager's@example.com</email>
    <age>61</age>
    <city></city>
  </entry>
  <entry>
    <id>1255</id>
    <name>gospel</name>
    <email>gospel@example.com</email>
    <age>33</age>
    <city></city>
  </entry>
  <entry>
    <id>3254</id>
    <name>birdwatcher's</name>
    <email>birdwatcher's@example.com</email>
    <age>23</age>
    <city></city>
  </entry>
  <entry>
    <id>9237</id>
    <name>scrupulously</name>
    <email>scrupulously@example.com</email>
    <age>51</age>
    <city></city>
  </entry>
  <entry>
    <id>10159</id>
    <name>carcinogenics</name>
    <email>carcinogenics@example.com</email>
    <age>52</age>
    <city></city>
  </entry>
  <entry>
    <id>4397</id>
    <name>outlasts</name>
    <email>outlasts@example.com</email>
    <age>54</age>
    <city></city>
  </entry>
  <entry>
    <id>1390</id>
    <name>sprinters</name>
    <email>sprinters@example.com</email>
    <age>61</age>
    <city></city>
  </entry>
  <entry>
    <id>5707</id>
    <name>spoof's</name>
    <email>spoof's@example.com</email>
    <age>27</age>
    <city></city>
  </entry>
  <entry>
    <id>8414</id>
    <name>Borges's</name>
    <email>Borges's@example.com</email>
    <age>31</age>
    <city></city>
  </entry>
  <entry>
    <id>1776</id>
    <name>Lazarus</name>
    <email>Lazarus@example.com</email>
    <age>32</age>
    <city></city>
  </entry>
  <entry>
    <id>4471</id>
    <name>subcontract</name>
    <email>subcontract@example.com</email>
    <age>57</age>
    <city></city>
  </entry>
  <entry>
    <id>1659</id>
    <name>inconstancy's</name>
    <email>inconstancy's@example.com</email>
    <age>35</age>
    <city></city>
  </entry>
</data>
