<data>
  <entry>
    <id>1381</id>
    <name>Verona's</name>
    <email>Verona's@example.com</email>
    <age>22</age>
    <city></city>
  </entry>
  <entry>
    <id>1175</id>
    <name>dressage's</name>
    <email>dressage's@example.com</email>
    <age>61</age>
    <city></city>
  </entry>
  <entry>
    <id>6836</id>
    <name>phrased</name>
    <email>phrased@example.com</email>
    <age>19</age>
    <city></city>
  </entry>
  <entry>
    <id>2173</id>
    <name>bouncy</name>
    <email>bouncy@example.com</email>
    <age>51</age>
    <city></city>
  </entry>
  <entry>
    <id>10620</id>
    <name>dizziness's</name>
    <email>dizziness's@example.com</email>
    <age>28</age>
    <city></city>
  </entry>
  <entry>
    <id>8373</id>
    <name>archness's</name>
    <email>archness's@example.com</email>
    <age>25</age>
    <city></city>
  </entry>
  <entry>
    <id>1997</id>
    <name>Lagos</name>
    <email>Lagos@example.com</email>
    <age>20</age>
    <city></city>
  </entry>
  <entry>
    <id>8203</id>
    <name>Canterbury</name>
    <email>Canterbury@example.com</email>
    <age>50</age>
    <city></city>
  </entry>
  <entry>
    <id>2173</id>
    <name>beautifully</name>
    <email>beautifully@example.com</email>
    <age>55</age>
    <city></city>
  </entry>
  <entry>
    <id>1546</id>
    <name>prowess</name>
    <email>prowess@example.com</email>
    <age>30</age>
    <city></city>
  </entry>
  <entry>
    <id>2978</id>
    <name>feeling</name>
    <email>feeling@example.com</email>
    <age>45</age>
    <city></city>
  </entry>
  <entry>
    <id>4342</id>
    <name>mayfly's</name>
    <email>mayfly's@example.com</email>
    <age>54</age>
    <city></city>
  </entry>
  <entry>
    <id>3119</id>
    <name>cabana</name>
    <email>cabana@example.com</email>
    <age>25</age>
    <city></city>
  </entry>
  <entry>
    <id>3990</id>
    <name>catechising</name>
    <email>catechising@example.com</email>
    <age>32</age>
    <city></city>
  </entry>
  <entry>
    <id>7596</id>
    <name>psychiatry</name>
    <email>psychiatry@example.com</email>
    <age>23</age>
    <city></city>
  </entry>
  <entry>
    <id>1774</id>
    <name>Kareem's</name>
    <email>Kareem's@example.com</email>
    <age>44</age>
    <city></city>
  </entry>
  <entry>
    <id>10486</id>
    <name>squatting</name>
    <email>squatting@example.com</email>
    <age>40</age>
    <city></city>
  </entry>
  <entry>
    <id>1374</id>
    <name>nought</name>
    <email>nought@example.com</email>
    <age>59</age>
    <city></city>
  </entry>
  <entry>
    <id>7994</id>
    <name>meatiest</name>
    <email>meatiest@example.com</email>
    <age>61</age>
    <city></city>
  </entry>
  <entry>
    <id>4355</id>
    <name>maven</name>
    <email>maven@example.com</email>
    <age>60</age>
    <city></city>
  </entry>
  <entry>
    <id>8447</id>
    <name>Violet</name>
    <email>Violet@example.com</email>
    <age>53</age>
    <city></city>
  </entry>
  <entry>
    <id>3475</id>
    <name>enquiry's</name>
    <email>enquiry's@example.com</email>
    <age>35</age>
    <city></city>
  </entry>
  <entry>
    <id>9306</id>
    <name>sarcastic</name>
    <email>sarcastic@example.com</email>
    <age>60</age>
    <city></city>
  </entry>
  <entry>
    <id>9434</id>
    <name>halleluiah's</name>
    <email>halleluiah's@example.com</email>
    <age>29</age>
    <city></city>
  </entry>
  <entry>
    <id>10830</id>
    <name>costars</name>
    <email>costars@example.com</email>
    <age>43</age>
    <city></city>
  </entry>
  <entry>
    <id>5755</id>
    <name>Rhoda</name>
    <email>Rhoda@example.com</email>
    <age>34</age>
    <city></city>
  </entry>
  <entry>
    <id>8104</id>
    <name>surrealist</name>
    <email>surrealist@example.com</email>
    <age>39</age>
    <city></city>
  </entry>
  <entry>
    <id>3852</id>
    <name>swirling</name>
    <email>swirling@example.com</email>
    <age>27</age>
    <city></city>
  </entry>
  <entry>
    <id>6106</id>
    <name>Valarie</name>
    <email>Valarie@example.com</email>
    <age>26</age>
    <city></city>
  </entry>
  <entry>
    <id>2464</id>
    <name>MPEG</name>
    <email>MPEG@example.com</email>
    <age>28</age>
    <city></city>
  </entry>
  <entry>
    <id>9378</id>
    <name>reassigning</name>
    <email>reassigning@example.com</email>
    <age>41</age>
    <city></city>
  </entry>
  <entry>
    <id>6150</id>
    <name>wined</name>
    <email>wined@example.com</email>
    <age>21</age>
    <city></city>
  </entry>
  <entry>
    <id>3432</id>
    <name>spatula's</name>
    <email>spatula's@example.com</email>
    <age>45</age>
    <city></city>
  </entry>
  <entry>
    <id>4328</id>
    <name>masticate</name>
    <email>masticate@example.com</email>
    <age>53</age>
    <city></city>
  </entry>
  <entry>
    <id>2775</id>
    <name>trained</name>
    <email>trained@example.com</email>
    <age>59</age>
    <city></city>
  </entry>
  <entry>
    <id>8006</id>
    <name>Trafalgar's</name>
    <email>Trafalgar's@example.com</email>
    <age>32</age>
    <city></city>
  </entry>
  <entry>
    <id>9636</id>
    <name>dauntlessly</name>
    <email>dauntlessly@example.com</email>
    <age>53</age>
    <city></city>
  </entry>
  <entry>
    <id>8458</id>
    <name>manpower</name>
    <email>manpower@example.com</email>
    <age>41</age>
    <city></city>
  </entry>
  <entry>
    <id>9646</id>
    <name>slenderer</name>
    <email>slenderer@example.com</email>
    <age>63</age>
    <city></city>
  </entry>
  <entry>
    <id>1040</id>
    <name>tripping</name>
    <email>tripping@example.com</email>
    <age>54</age>
    <city></city>
  </entry>
  <entry>
    <id>1177</id>
    <name>imperatively</name>
    <email>imperatively@example.com</email>
    <age>19</age>
    <city></city>
  </entry>
  <entry>
    <id>2119</id>
    <name>misprinting</name>
    <email>misprinting@example.com</email>
    <age>46</age>
    <city></city>
  </entry>
  <entry>
    <id>10330</id>
    <name>pekoe's</name>
    <email>pekoe's@example.com</email>
    <age>27</age>
    <city></city>
  </entry>
  <entry>
    <id>8072</id>
    <name>raft</name>
    <email>raft@example.com</email>
    <age>20</age>
    <city></city>
  </entry>
  <entry>
    <id>8372</id>
    <name>smuggling</name>
    <email>smuggling@example.com</email>
    <age>33</age>
    <city></city>
  </entry>
  <entry>
    <id>8997</id>
    <name>Cynthia's</name>
    <email>Cynthia's@example.com</email>
    <age>28</age>
    <city></city>
  </entry>
  <entry>
    <id>5881</id>
    <name>oscillator</name>
    <email>oscillator@example.com</email>
    <age>44</age>
    <city></city>
  </entry>
  <entry>
    <id>2891</id>
    <name>trouble's</name>
    <email>trouble's@example.com</email>
    <age>55</age>
    <city></city>
  </entry>
  <entry>
    <id>6104</id>
    <name>Ac</name>
    <email>Ac@example.com</email>
    <age>65</age>
    <city></city>
  </entry>
  <entry>
    <id>10982</id>
    <name>Grenada's</name>
    <email>Grenada's@example.com</email>
    <age>20</age>
    <city></city>
  </entry>
  <entry>
    <id>9102</id>
    <name>milliliter's</name>
    <email>milliliter's@example.com</email>
    <age>58</age>
    <city></city>
  </entry>
  <entry>
    <id>2085</id>
    <name>preconceiving</name>
    <email>preconceiving@example.com</email>
    <age>38</age>
    <city></city>
  </entry>
  <entry>
    <id>5283</id>
    <name>Demetrius</name>
    <email>Demetrius@example.com</email>
    <age>26</age>
    <city></city>
  </entry>
  <entry>
    <id>1415</id>
    <name>Patel's</name>
    <email>Patel's@example.com</email>
    <age>41</age>
    <city></city>
  </entry>
  <entry>
    <id>2383</id>
    <name>Thespian's</name>
    <email>Thespian's@example.com</email>
    <age>33</age>
    <city></city>
  </entry>
  <entry>
    <id>1848</id>
    <name>handicraft's</name>
    <email>handicraft's@example.com</email>
    <age>52</age>
    <city></city>
  </entry>
  <entry>
    <id>5575</id>
    <name>Alba's</name>
    <email>Alba's@example.com</email>
    <age>58</age>
    <city></city>
  </entry>
  <entry>
    <id>1865</id>
    <name>earmarks</name>
    <email>earmarks@example.com</email>
    <age>23</age>
    <city></city>
  </entry>
  <entry>
    <id>5309</id>
    <name>newsboys</name>
    <email>newsboys@example.com</email>
    <age>60</age>
    <city></city>
  </entry>
  <entry>
    <id>5231</id>
    <name>fusillade</name>
    <email>fusillade@example.com</email>
    <age>59</age>
    <city></city>
  </entry>
  <entry>
    <id>5481</id>
    <name>ascribe</name>
    <email>ascribe@example.com</email>
    <age>18</age>
    <city></city>
  </entry>
  <entry>
    <id>2502</id>
    <name>phoenix's</name>
    <email>phoenix's@example.com</email>
    <age>33</age>
    <city></city>
  </entry>
  <entry>
    <id>7659</id>
    <name>memorizing</name>
    <email>memorizing@example.com</email>
    <age>42</age>
    <city></city>
  </entry>
  <entry>
    <id>8279</id>
    <name>byproducts</name>
    <email>byproducts@example.com</email>
    <age>50</age>
    <city></city>
  </entry>
  <entry>
    <id>1643</id>
    <name>tragedy</name>
    <email>tragedy@example.com</email>
    <age>30</age>
    <city></city>
  </entry>
  <entry>
    <id>7048</id>
    <name>modesty's</name>
    <email>modesty's@example.com</email>
    <age>63</age>
    <city></city>
  </entry>
  <entry>
    <id>4827</id>
    <name>Narmada</name>
    <email>Narmada@example.com</email>
    <age>61</age>
    <city></city>
  </entry>
  <entry>
    <id>9153</id>
    <name>ballrooms</name>
    <email>ballrooms@example.com</email>
    <age>37</age>
    <city></city>
  </entry>
  <entry>
    <id>8617</id>
    <name>commandeers</name>
    <email>commandeers@example.com</email>
    <age>42</age>
    <city></city>
  </entry>
  <entry>
    <id>2878</id>
    <name>smarts's</name>
    <email>smarts's@example.com</email>
    <age>65</age>
    <city></city>
  </entry>
  <entry>
    <id>1837</id>
    <name>Pantagruel</name>
    <email>Pantagruel@example.com</email>
    <age>58</age>
    <city></city>
  </entry>
  <entry>
    <id>7102</id>
    <name>crusaded</name>
    <email>crusaded@example.com</email>
    <age>59</age>
    <city></city>
  </entry>
  <entry>
    <id>9481</id>
    <name>Vang's</name>
    <email>Vang's@example.com</email>
    <age>34</age>
    <city></city>
  </entry>
  <entry>
    <id>6331</id>
    <name>scoff</name>
    <email>scoff@example.com</email>
    <age>61</age>
    <city></city>
  </entry>
  <entry>
    <id>6863</id>
    <name>downwind</name>
    <email>downwind@example.com</email>
    <age>58</age>
    <city></city>
  </entry>
  <entry>
    <id>1722</id>
    <name>Armageddons</name>
    <email>Armageddons@example.com</email>
    <age>59</age>
    <city></city>
  </entry>
  <entry>
    <id>10476</id>
    <name>portrays</name>
    <email>portrays@example.com</email>
    <age>56</age>
    <city></city>
  </entry>
</data>
